{"stats":{"minecraft:broken":{"minecraft:iron_shovel":1,"minecraft:iron_hoe":1,"minecraft:iron_pickaxe":1},"minecraft:mined":{"minecraft:dark_oak_planks":9,"minecraft:spruce_planks":7,"minecraft:white_bed":1,"minecraft:jungle_slab":1,"minecraft:cherry_log":48,"minecraft:jungle_leaves":215,"minecraft:spruce_trapdoor":1,"minecraft:granite":3,"minecraft:grass_block":619,"minecraft:jungle_log":676,"minecraft:deepslate_bricks":3,"minecraft:bamboo_block":7,"minecraft:tall_seagrass":1,"minecraft:iron_ore":45,"minecraft:dark_oak_stairs":1,"minecraft:dirt_path":15,"minecraft:deepslate_brick_stairs":20,"minecraft:green_carpet":3,"minecraft:spruce_slab":1,"minecraft:jungle_door":1,"minecraft:torch":70,"minecraft:jungle_stairs":2,"minecraft:blast_furnace":5,"minecraft:melon":4,"minecraft:chest":5,"minecraft:cobblestone":34,"minecraft:sugar_cane":73,"minecraft:oak_planks":46,"minecraft:wall_torch":29,"minecraft:pink_petals":7,"minecraft:powered_rail":5,"minecraft:yellow_wool":3,"minecraft:wheat":13,"minecraft:oak_log":20,"minecraft:dirt":269,"minecraft:red_mushroom_block":1,"minecraft:oak_leaves":26,"minecraft:deepslate":328,"minecraft:tuff":10,"minecraft:dark_oak_leaves":149,"minecraft:deepslate_diamond_ore":8,"minecraft:dark_oak_log":91,"minecraft:jungle_planks":1,"minecraft:spruce_leaves":5,"minecraft:hay_block":33,"minecraft:deepslate_brick_slab":41,"minecraft:furnace":10,"minecraft:carrots":30,"minecraft:andesite":6,"minecraft:bookshelf":3,"minecraft:potatoes":3,"minecraft:deepslate_iron_ore":76,"minecraft:vine":63,"minecraft:rail":42,"minecraft:lantern":15,"minecraft:bamboo":12,"minecraft:stone":484,"minecraft:cherry_stairs":13,"minecraft:redstone_wall_torch":1,"minecraft:cherry_planks":3,"minecraft:dandelion":1,"minecraft:smooth_sandstone":4,"minecraft:crafting_table":11,"minecraft:short_grass":117,"minecraft:emerald_ore":1,"minecraft:tall_grass":19,"minecraft:copper_ore":4,"minecraft:diorite":4,"minecraft:spruce_stairs":7,"minecraft:bamboo_trapdoor":2,"minecraft:redstone_torch":4,"minecraft:spruce_log":72,"minecraft:yellow_bed":5,"minecraft:coal_ore":156,"minecraft:cherry_leaves":14,"minecraft:gravel":42,"minecraft:dripstone_block":15,"minecraft:cobweb":1,"minecraft:fern":3},"minecraft:killed_by":{"minecraft:creeper":1,"minecraft:skeleton":1},"minecraft:custom":{"minecraft:interact_with_crafting_table":61,"minecraft:bell_ring":1,"minecraft:leave_game":13,"minecraft:time_since_death":446499,"minecraft:sprint_one_cm":1038970,"minecraft:damage_blocked_by_shield":2072,"minecraft:drop":248,"minecraft:talked_to_villager":68,"minecraft:play_time":500147,"minecraft:deaths":4,"minecraft:jump":9523,"minecraft:walk_on_water_one_cm":98763,"minecraft:interact_with_furnace":23,"minecraft:traded_with_villager":252,"minecraft:sleep_in_bed":27,"minecraft:damage_dealt":5766,"minecraft:player_kills":1,"minecraft:crouch_one_cm":160939,"minecraft:interact_with_smoker":1,"minecraft:interact_with_smithing_table":1,"minecraft:mob_kills":36,"minecraft:interact_with_anvil":8,"minecraft:inspect_hopper":2,"minecraft:interact_with_campfire":7,"minecraft:climb_one_cm":5837,"minecraft:walk_one_cm":890352,"minecraft:sneak_time":44771,"minecraft:walk_under_water_one_cm":95924,"minecraft:boat_one_cm":601985,"minecraft:interact_with_blast_furnace":14,"minecraft:total_world_time":500147,"minecraft:time_since_rest":34398,"minecraft:damage_taken":5259,"minecraft:swim_one_cm":389640,"minecraft:fly_one_cm":2007167,"minecraft:open_chest":181,"minecraft:fall_one_cm":257181},"minecraft:used":{"minecraft:iron_shovel":1006,"minecraft:chest":8,"minecraft:shield":25,"minecraft:iron_sword":44,"minecraft:iron_chestplate":1,"minecraft:jungle_planks":104,"minecraft:carrot":127,"minecraft:deepslate_brick_slab":73,"minecraft:tuff":13,"minecraft:jungle_sapling":25,"minecraft:lava_bucket":2,"minecraft:lantern":32,"minecraft:grass_block":246,"minecraft:iron_helmet":2,"minecraft:bow":92,"minecraft:furnace":13,"minecraft:egg":13,"minecraft:potato":3,"minecraft:dark_oak_stairs":58,"minecraft:bamboo_trapdoor":2,"minecraft:diorite":4,"minecraft:stone_pickaxe":84,"minecraft:oak_planks":21,"minecraft:wooden_pickaxe":11,"minecraft:sugar_cane":351,"minecraft:diamond_axe":940,"minecraft:jungle_boat":5,"minecraft:blast_furnace":5,"minecraft:crossbow":2,"minecraft:dripstone_block":21,"minecraft:deepslate_brick_stairs":78,"minecraft:redstone_torch":1,"minecraft:dark_oak_log":50,"minecraft:bread":50,"minecraft:gravel":2,"minecraft:diamond_sword":70,"minecraft:andesite":2,"minecraft:oak_boat":2,"minecraft:cherry_boat":1,"minecraft:stone_sword":28,"minecraft:spruce_planks":13,"minecraft:stone_hoe":33,"minecraft:oak_door":3,"minecraft:torch":586,"minecraft:dirt":340,"minecraft:spruce_stairs":11,"minecraft:granite":3,"minecraft:iron_hoe":336,"minecraft:dark_oak_planks":79,"minecraft:wooden_axe":24,"minecraft:bookshelf":3,"minecraft:iron_axe":191,"minecraft:cherry_slab":3,"minecraft:smooth_sandstone":4,"minecraft:jungle_log":4,"minecraft:iron_boots":2,"minecraft:golden_carrot":2,"minecraft:cobbled_deepslate":60,"minecraft:pointed_dripstone":8,"minecraft:iron_leggings":1,"minecraft:water_bucket":51,"minecraft:cobblestone_stairs":4,"minecraft:cherry_planks":15,"minecraft:deepslate_bricks":95,"minecraft:rail":9,"minecraft:crafting_table":18,"minecraft:bamboo_block":7,"minecraft:white_bed":1,"minecraft:campfire":1,"minecraft:spruce_log":20,"minecraft:diamond_pickaxe":949,"minecraft:sunflower":2,"minecraft:iron_pickaxe":298,"minecraft:jungle_stairs":79,"minecraft:spruce_trapdoor":17,"minecraft:spruce_sapling":4,"minecraft:stone_axe":46,"minecraft:pink_petals":12,"minecraft:green_carpet":3,"minecraft:cobblestone":204,"minecraft:cherry_stairs":30,"minecraft:cooked_porkchop":7,"minecraft:jungle_door":6,"minecraft:bucket":54,"minecraft:yellow_bed":8},"minecraft:crafted":{"minecraft:oak_planks":48,"minecraft:cherry_slab":6,"minecraft:cobblestone_stairs":4,"minecraft:bookshelf":3,"minecraft:deepslate_brick_stairs":80,"minecraft:bamboo_block":7,"minecraft:iron_boots":1,"minecraft:bow":5,"minecraft:chest":3,"minecraft:jungle_stairs":120,"minecraft:stone_hoe":1,"minecraft:smoker":1,"minecraft:oak_slab":6,"minecraft:emerald":178,"minecraft:arrow":384,"minecraft:crafting_table":9,"minecraft:spruce_planks":228,"minecraft:jungle_boat":3,"minecraft:wooden_pickaxe":1,"minecraft:iron_helmet":1,"minecraft:campfire":1,"minecraft:spruce_trapdoor":16,"minecraft:bamboo_planks":14,"minecraft:paper":864,"minecraft:iron_chestplate":1,"minecraft:diamond_pickaxe":1,"minecraft:charcoal":1,"minecraft:shield":1,"minecraft:stick":4578,"minecraft:iron_ingot":29,"minecraft:iron_pickaxe":2,"minecraft:stone_sword":1,"minecraft:deepslate_bricks":256,"minecraft:cherry_planks":180,"minecraft:oak_door":6,"minecraft:stone_shovel":25,"minecraft:iron_nugget":171,"minecraft:furnace":4,"minecraft:yellow_bed":1,"minecraft:lantern":25,"minecraft:spruce_stairs":56,"minecraft:polished_deepslate":256,"minecraft:iron_axe":1,"minecraft:iron_hoe":2,"minecraft:cherry_stairs":24,"minecraft:stone_pickaxe":1,"minecraft:dark_oak_planks":164,"minecraft:wheat":297,"minecraft:crossbow":1,"minecraft:diamond_sword":1,"minecraft:dark_oak_stairs":60,"minecraft:iron_sword":1,"minecraft:deepslate_brick_slab":72,"minecraft:bucket":1,"minecraft:stone_axe":13,"minecraft:enchanted_book":1,"minecraft:bread":99,"minecraft:air":0,"minecraft:jungle_planks":2424,"minecraft:oak_boat":1,"minecraft:jungle_door":12,"minecraft:wooden_axe":1,"minecraft:iron_shovel":8,"minecraft:iron_leggings":1,"minecraft:torch":560,"minecraft:bamboo_trapdoor":4},"minecraft:dropped":{"minecraft:bamboo_trapdoor":4,"minecraft:diamond_axe":1,"minecraft:crossbow":1,"minecraft:leather":1,"minecraft:rail":2,"minecraft:flint":1,"minecraft:emerald":1,"minecraft:dirt":14,"minecraft:mutton":12,"minecraft:white_wool":5,"minecraft:oak_door":3,"minecraft:gravel":2,"minecraft:stone_axe":15,"minecraft:sugar_cane":3,"minecraft:cherry_stairs":7,"minecraft:cobbled_deepslate":33,"minecraft:wheat":2,"minecraft:pointed_dripstone":4,"minecraft:cherry_sapling":26,"minecraft:rotten_flesh":9,"minecraft:carrot":1,"minecraft:jungle_stairs":43,"minecraft:spruce_slab":1,"minecraft:arrow":6,"minecraft:egg":6,"minecraft:stone_hoe":3,"minecraft:iron_ingot":1,"minecraft:bread":52,"minecraft:oak_slab":6,"minecraft:wheat_seeds":40,"minecraft:dripstone_block":22,"minecraft:cobblestone":12,"minecraft:grass_block":3,"minecraft:stick":8,"minecraft:torch":70,"minecraft:wooden_axe":1,"minecraft:brown_wool":1,"minecraft:cherry_planks":6,"minecraft:iron_axe":1,"minecraft:iron_shovel":3,"minecraft:string":2,"minecraft:pink_petals":16,"minecraft:dandelion":1,"minecraft:bamboo_planks":2,"minecraft:stone_sword":4,"minecraft:raw_copper":21,"minecraft:tuff":2,"minecraft:raw_iron":5,"minecraft:stone_shovel":27,"minecraft:filled_map":1,"minecraft:spruce_planks":16,"minecraft:andesite":4,"minecraft:spider_eye":1,"minecraft:bamboo":1,"minecraft:diamond_boots":1,"minecraft:stone_pickaxe":1,"minecraft:wooden_pickaxe":1,"minecraft:black_wool":1},"minecraft:picked_up":{"minecraft:iron_chestplate":2,"minecraft:wheat":2,"minecraft:yellow_wool":3,"minecraft:enchanted_book":5,"minecraft:string":2,"minecraft:raw_copper":28,"minecraft:iron_leggings":3,"minecraft:cherry_boat":1,"minecraft:diamond_leggings":1,"minecraft:cobbled_deepslate":357,"minecraft:bucket":1,"minecraft:spruce_planks":30,"minecraft:redstone_torch":6,"minecraft:iron_pickaxe":3,"minecraft:melon_slice":81,"minecraft:furnace":12,"minecraft:iron_boots":3,"minecraft:stick":53,"minecraft:jungle_door":2,"minecraft:torch":359,"minecraft:spruce_stairs":7,"minecraft:porkchop":7,"minecraft:cherry_log":45,"minecraft:pointed_dripstone":13,"minecraft:diorite":4,"minecraft:bamboo_block":7,"minecraft:stone_sword":4,"minecraft:rotten_flesh":12,"minecraft:deepslate_brick_stairs":20,"minecraft:cobblestone":651,"minecraft:pink_petals":128,"minecraft:cherry_planks":118,"minecraft:andesite":6,"minecraft:jungle_log":674,"minecraft:brown_wool":1,"minecraft:potato":3,"minecraft:flint":7,"minecraft:tuff":15,"minecraft:lantern":17,"minecraft:dirt":1785,"minecraft:bone":1,"minecraft:bow":1,"minecraft:wheat_seeds":47,"minecraft:deepslate_brick_slab":41,"minecraft:diamond_helmet":1,"minecraft:bamboo":94,"minecraft:powered_rail":5,"minecraft:stone_hoe":3,"minecraft:oak_planks":92,"minecraft:cooked_porkchop":13,"minecraft:jungle_planks":1,"minecraft:grass_block":20,"minecraft:dark_oak_log":91,"minecraft:iron_hoe":2,"minecraft:diamond":13,"minecraft:granite":3,"minecraft:bread":109,"minecraft:emerald":177,"minecraft:cherry_slab":3,"minecraft:crafting_table":11,"minecraft:shield":1,"minecraft:iron_axe":1,"minecraft:iron_shovel":3,"minecraft:beef":21,"minecraft:oak_boat":1,"minecraft:jungle_sapling":25,"minecraft:spruce_slab":1,"minecraft:sugar_cane":1091,"minecraft:chest":5,"minecraft:spruce_trapdoor":1,"minecraft:egg":24,"minecraft:dark_oak_sapling":4,"minecraft:raw_iron":153,"minecraft:cherry_stairs":27,"minecraft:oak_door":2,"minecraft:carrot":106,"minecraft:dark_oak_planks":9,"minecraft:diamond_chestplate":1,"minecraft:stone_shovel":3,"minecraft:arrow":10,"minecraft:jungle_stairs":2,"minecraft:diamond_boots":2,"minecraft:deepslate_bricks":3,"minecraft:hay_block":33,"minecraft:gold_ingot":2,"minecraft:white_wool":5,"minecraft:mutton":24,"minecraft:rail":43,"minecraft:jungle_boat":2,"minecraft:golden_carrot":11,"minecraft:leather":1,"minecraft:oak_log":20,"minecraft:yellow_bed":7,"minecraft:gunpowder":1,"minecraft:smooth_sandstone":4,"minecraft:stone_pickaxe":1,"minecraft:iron_ingot":62,"minecraft:dark_oak_stairs":1,"minecraft:iron_sword":3,"minecraft:book":9,"minecraft:oak_slab":6,"minecraft:dandelion":1,"minecraft:dripstone_block":47,"minecraft:gravel":49,"minecraft:spruce_sapling":4,"minecraft:blast_furnace":5,"minecraft:white_bed":1,"minecraft:spruce_log":77,"minecraft:green_carpet":3,"minecraft:spider_eye":2,"minecraft:bamboo_trapdoor":6,"minecraft:stone_axe":3,"minecraft:iron_helmet":3,"minecraft:diamond_axe":2,"minecraft:cherry_sapling":26,"minecraft:black_wool":1,"minecraft:coal":215,"minecraft:sunflower":2},"minecraft:killed":{"minecraft:spider":1,"minecraft:skeleton":6,"minecraft:chicken":1,"minecraft:wolf":1,"minecraft:pig":4,"minecraft:sheep":8,"minecraft:zombie":11,"minecraft:cow":4}},"DataVersion":3953}