{"stats":{"minecraft:used":{"minecraft:stone_sword":28,"minecraft:iron_shovel":993,"minecraft:chest":7,"minecraft:shield":12,"minecraft:iron_sword":44,"minecraft:stone_hoe":33,"minecraft:oak_door":3,"minecraft:iron_chestplate":1,"minecraft:torch":368,"minecraft:dirt":337,"minecraft:jungle_planks":104,"minecraft:carrot":89,"minecraft:tuff":7,"minecraft:granite":2,"minecraft:wooden_axe":24,"minecraft:jungle_sapling":17,"minecraft:iron_hoe":336,"minecraft:lava_bucket":2,"minecraft:iron_axe":191,"minecraft:grass_block":246,"minecraft:cherry_slab":3,"minecraft:jungle_log":3,"minecraft:iron_helmet":2,"minecraft:iron_boots":2,"minecraft:furnace":13,"minecraft:egg":10,"minecraft:potato":3,"minecraft:cobbled_deepslate":32,"minecraft:pointed_dripstone":8,"minecraft:iron_leggings":1,"minecraft:water_bucket":35,"minecraft:diorite":1,"minecraft:cobblestone_stairs":4,"minecraft:stone_pickaxe":84,"minecraft:oak_planks":10,"minecraft:wooden_pickaxe":11,"minecraft:cherry_planks":15,"minecraft:sugar_cane":203,"minecraft:diamond_axe":486,"minecraft:jungle_boat":4,"minecraft:crafting_table":16,"minecraft:blast_furnace":5,"minecraft:white_bed":1,"minecraft:campfire":1,"minecraft:dripstone_block":14,"minecraft:diamond_pickaxe":67,"minecraft:iron_pickaxe":298,"minecraft:sunflower":1,"minecraft:bread":50,"minecraft:jungle_stairs":79,"minecraft:gravel":1,"minecraft:green_carpet":3,"minecraft:stone_axe":46,"minecraft:pink_petals":12,"minecraft:diamond_sword":43,"minecraft:cherry_stairs":30,"minecraft:cobblestone":106,"minecraft:jungle_door":6,"minecraft:cooked_porkchop":4,"minecraft:andesite":2,"minecraft:bucket":38,"minecraft:yellow_bed":8,"minecraft:oak_boat":2},"minecraft:picked_up":{"minecraft:iron_chestplate":2,"minecraft:crafting_table":9,"minecraft:wheat":2,"minecraft:yellow_wool":3,"minecraft:enchanted_book":5,"minecraft:shield":1,"minecraft:string":2,"minecraft:raw_copper":14,"minecraft:iron_axe":1,"minecraft:iron_leggings":3,"minecraft:iron_shovel":3,"minecraft:diamond_leggings":1,"minecraft:cobbled_deepslate":48,"minecraft:bucket":1,"minecraft:beef":21,"minecraft:oak_boat":1,"minecraft:jungle_sapling":17,"minecraft:iron_pickaxe":3,"minecraft:spruce_slab":1,"minecraft:melon_slice":81,"minecraft:sugar_cane":75,"minecraft:chest":5,"minecraft:furnace":12,"minecraft:iron_boots":3,"minecraft:egg":18,"minecraft:dark_oak_sapling":4,"minecraft:stick":42,"minecraft:raw_iron":95,"minecraft:cherry_stairs":27,"minecraft:jungle_door":2,"minecraft:oak_door":2,"minecraft:torch":307,"minecraft:porkchop":7,"minecraft:cherry_log":45,"minecraft:pointed_dripstone":12,"minecraft:diorite":1,"minecraft:carrot":105,"minecraft:stone_sword":4,"minecraft:stone_shovel":3,"minecraft:arrow":7,"minecraft:rotten_flesh":4,"minecraft:diamond_chestplate":1,"minecraft:jungle_stairs":2,"minecraft:diamond_boots":2,"minecraft:hay_block":33,"minecraft:gold_ingot":2,"minecraft:mutton":24,"minecraft:white_wool":5,"minecraft:cobblestone":316,"minecraft:pink_petals":128,"minecraft:jungle_boat":1,"minecraft:cherry_planks":118,"minecraft:andesite":2,"minecraft:jungle_log":493,"minecraft:brown_wool":1,"minecraft:leather":1,"minecraft:potato":3,"minecraft:flint":6,"minecraft:tuff":9,"minecraft:oak_log":14,"minecraft:yellow_bed":7,"minecraft:dirt":1773,"minecraft:wheat_seeds":46,"minecraft:iron_ingot":62,"minecraft:stone_pickaxe":1,"minecraft:diamond_helmet":1,"minecraft:bamboo":94,"minecraft:stone_hoe":3,"minecraft:iron_sword":3,"minecraft:oak_planks":89,"minecraft:oak_slab":6,"minecraft:cooked_porkchop":13,"minecraft:gravel":46,"minecraft:dandelion":1,"minecraft:dripstone_block":40,"minecraft:jungle_planks":1,"minecraft:blast_furnace":5,"minecraft:white_bed":1,"minecraft:grass_block":20,"minecraft:green_carpet":3,"minecraft:iron_hoe":2,"minecraft:diamond":4,"minecraft:stone_axe":3,"minecraft:iron_helmet":3,"minecraft:granite":2,"minecraft:diamond_axe":2,"minecraft:cherry_sapling":26,"minecraft:emerald":176,"minecraft:bread":109,"minecraft:cherry_slab":3,"minecraft:black_wool":1,"minecraft:coal":173,"minecraft:sunflower":1},"minecraft:mined":{"minecraft:tuff":7,"minecraft:white_bed":1,"minecraft:dark_oak_leaves":146,"minecraft:deepslate_diamond_ore":4,"minecraft:cherry_log":48,"minecraft:jungle_leaves":204,"minecraft:granite":2,"minecraft:grass_block":617,"minecraft:jungle_planks":1,"minecraft:jungle_log":495,"minecraft:hay_block":33,"minecraft:tall_seagrass":1,"minecraft:furnace":10,"minecraft:carrots":30,"minecraft:iron_ore":44,"minecraft:andesite":2,"minecraft:potatoes":3,"minecraft:dirt_path":10,"minecraft:vine":33,"minecraft:deepslate_iron_ore":18,"minecraft:green_carpet":3,"minecraft:bamboo":12,"minecraft:stone":189,"minecraft:cherry_stairs":13,"minecraft:spruce_slab":1,"minecraft:cherry_planks":3,"minecraft:jungle_door":1,"minecraft:dandelion":1,"minecraft:crafting_table":9,"minecraft:torch":50,"minecraft:jungle_stairs":2,"minecraft:short_grass":106,"minecraft:blast_furnace":5,"minecraft:melon":4,"minecraft:chest":5,"minecraft:tall_grass":17,"minecraft:cobblestone":1,"minecraft:oak_planks":46,"minecraft:sugar_cane":41,"minecraft:wall_torch":15,"minecraft:diorite":1,"minecraft:pink_petals":7,"minecraft:yellow_wool":3,"minecraft:wheat":13,"minecraft:yellow_bed":5,"minecraft:oak_log":14,"minecraft:coal_ore":117,"minecraft:gravel":38,"minecraft:cherry_leaves":14,"minecraft:dirt":264,"minecraft:dripstone_block":10,"minecraft:cobweb":1,"minecraft:red_mushroom_block":1,"minecraft:oak_leaves":26,"minecraft:deepslate":41,"minecraft:fern":3},"minecraft:crafted":{"minecraft:cherry_planks":180,"minecraft:oak_door":6,"minecraft:oak_planks":40,"minecraft:stone_shovel":1,"minecraft:cherry_slab":6,"minecraft:furnace":3,"minecraft:cobblestone_stairs":4,"minecraft:yellow_bed":1,"minecraft:iron_boots":1,"minecraft:iron_axe":1,"minecraft:iron_hoe":2,"minecraft:cherry_stairs":24,"minecraft:stone_pickaxe":1,"minecraft:chest":2,"minecraft:jungle_stairs":120,"minecraft:stone_hoe":1,"minecraft:wheat":297,"minecraft:oak_slab":6,"minecraft:diamond_sword":1,"minecraft:emerald":80,"minecraft:crafting_table":7,"minecraft:jungle_boat":3,"minecraft:iron_helmet":1,"minecraft:wooden_pickaxe":1,"minecraft:iron_sword":1,"minecraft:bucket":1,"minecraft:campfire":1,"minecraft:stone_axe":1,"minecraft:bread":99,"minecraft:air":0,"minecraft:jungle_planks":1704,"minecraft:oak_boat":1,"minecraft:jungle_door":12,"minecraft:iron_chestplate":1,"minecraft:diamond_pickaxe":1,"minecraft:charcoal":1,"minecraft:shield":1,"minecraft:stick":2662,"minecraft:iron_ingot":29,"minecraft:iron_pickaxe":2,"minecraft:wooden_axe":1,"minecraft:stone_sword":1,"minecraft:iron_shovel":8,"minecraft:iron_leggings":1,"minecraft:torch":420},"minecraft:killed":{"minecraft:skeleton":6,"minecraft:wolf":1,"minecraft:pig":4,"minecraft:sheep":7,"minecraft:zombie":4,"minecraft:cow":4},"minecraft:killed_by":{"minecraft:creeper":1,"minecraft:skeleton":1},"minecraft:dropped":{"minecraft:stone_hoe":3,"minecraft:iron_ingot":1,"minecraft:bread":52,"minecraft:oak_slab":6,"minecraft:wheat_seeds":39,"minecraft:diamond_axe":1,"minecraft:dripstone_block":22,"minecraft:cobblestone":11,"minecraft:leather":1,"minecraft:grass_block":3,"minecraft:stick":6,"minecraft:dirt":14,"minecraft:torch":62,"minecraft:mutton":12,"minecraft:wooden_axe":1,"minecraft:brown_wool":1,"minecraft:cherry_planks":6,"minecraft:iron_axe":1,"minecraft:iron_shovel":3,"minecraft:string":2,"minecraft:pink_petals":16,"minecraft:white_wool":5,"minecraft:dandelion":1,"minecraft:oak_door":3,"minecraft:stone_axe":3,"minecraft:cherry_stairs":7,"minecraft:stone_sword":4,"minecraft:cobbled_deepslate":16,"minecraft:raw_copper":7,"minecraft:tuff":2,"minecraft:wheat":2,"minecraft:raw_iron":5,"minecraft:pointed_dripstone":4,"minecraft:stone_shovel":3,"minecraft:cherry_sapling":26,"minecraft:rotten_flesh":4,"minecraft:filled_map":1,"minecraft:jungle_stairs":43,"minecraft:diamond_boots":1,"minecraft:spruce_slab":1,"minecraft:arrow":6,"minecraft:stone_pickaxe":1,"minecraft:wooden_pickaxe":1,"minecraft:black_wool":1,"minecraft:egg":4},"minecraft:custom":{"minecraft:interact_with_anvil":3,"minecraft:mob_kills":26,"minecraft:interact_with_crafting_table":44,"minecraft:interact_with_campfire":7,"minecraft:bell_ring":1,"minecraft:leave_game":10,"minecraft:time_since_death":296910,"minecraft:climb_one_cm":4687,"minecraft:sprint_one_cm":622220,"minecraft:walk_one_cm":531500,"minecraft:damage_blocked_by_shield":1058,"minecraft:drop":176,"minecraft:talked_to_villager":30,"minecraft:play_time":350558,"minecraft:sneak_time":32362,"minecraft:deaths":4,"minecraft:walk_under_water_one_cm":83033,"minecraft:boat_one_cm":494118,"minecraft:jump":6334,"minecraft:interact_with_blast_furnace":10,"minecraft:walk_on_water_one_cm":74869,"minecraft:total_world_time":350558,"minecraft:interact_with_furnace":23,"minecraft:traded_with_villager":80,"minecraft:sleep_in_bed":19,"minecraft:time_since_rest":7306,"minecraft:damage_taken":4540,"minecraft:damage_dealt":4164,"minecraft:swim_one_cm":285974,"minecraft:player_kills":1,"minecraft:fly_one_cm":1456232,"minecraft:open_chest":100,"minecraft:crouch_one_cm":115085,"minecraft:fall_one_cm":173133},"minecraft:broken":{"minecraft:iron_shovel":1,"minecraft:iron_pickaxe":1,"minecraft:iron_hoe":1}},"DataVersion":3953}