{"stats":{"minecraft:used":{"minecraft:waxed_oxidized_copper_door":1,"minecraft:tuff_bricks":2,"minecraft:iron_shovel":1006,"minecraft:shield":89,"minecraft:chest":8,"minecraft:iron_sword":44,"minecraft:iron_chestplate":1,"minecraft:jungle_planks":104,"minecraft:carrot":127,"minecraft:waxed_copper_grate":2,"minecraft:deepslate_brick_slab":75,"minecraft:tuff":13,"minecraft:jungle_sapling":69,"minecraft:lava_bucket":2,"minecraft:grass_block":246,"minecraft:lantern":32,"minecraft:iron_helmet":2,"minecraft:bow":137,"minecraft:furnace":18,"minecraft:egg":14,"minecraft:potato":3,"minecraft:golden_boots":1,"minecraft:bamboo_trapdoor":2,"minecraft:dark_oak_stairs":58,"minecraft:diorite":7,"minecraft:diamond_boots":1,"minecraft:stone_pickaxe":84,"minecraft:oak_planks":21,"minecraft:wooden_pickaxe":11,"minecraft:sugar_cane":357,"minecraft:diamond_axe":2020,"minecraft:jungle_boat":5,"minecraft:golden_apple":2,"minecraft:glow_berries":2,"minecraft:blast_furnace":5,"minecraft:crossbow":8,"minecraft:dripstone_block":24,"minecraft:deepslate_brick_stairs":78,"minecraft:redstone_torch":1,"minecraft:mace":3,"minecraft:dark_oak_log":50,"minecraft:bread":50,"minecraft:gravel":2,"minecraft:diamond_sword":521,"minecraft:andesite":6,"minecraft:oak_boat":2,"minecraft:bone_meal":78,"minecraft:experience_bottle":26,"minecraft:cherry_boat":1,"minecraft:stone_sword":28,"minecraft:spruce_planks":26,"minecraft:stone_hoe":33,"minecraft:trial_key":3,"minecraft:netherrack":11,"minecraft:oak_door":3,"minecraft:torch":857,"minecraft:dirt":341,"minecraft:spruce_stairs":11,"minecraft:diamond_helmet":2,"minecraft:granite":3,"minecraft:iron_hoe":336,"minecraft:dark_oak_planks":79,"minecraft:wooden_axe":24,"minecraft:bookshelf":8,"minecraft:iron_axe":191,"minecraft:cherry_slab":3,"minecraft:smooth_sandstone":4,"minecraft:jungle_log":9,"minecraft:iron_boots":2,"minecraft:diamond_chestplate":1,"minecraft:golden_carrot":11,"minecraft:beef":4,"minecraft:pointed_dripstone":8,"minecraft:cobbled_deepslate":80,"minecraft:iron_leggings":1,"minecraft:water_bucket":88,"minecraft:cobblestone_stairs":4,"minecraft:baked_potato":94,"minecraft:cherry_planks":15,"minecraft:fletching_table":1,"minecraft:waxed_copper_block":2,"minecraft:deepslate_bricks":95,"minecraft:rail":9,"minecraft:crafting_table":21,"minecraft:bamboo_block":7,"minecraft:white_bed":2,"minecraft:campfire":1,"minecraft:spruce_log":20,"minecraft:diamond_pickaxe":1434,"minecraft:ominous_trial_key":3,"minecraft:wind_charge":15,"minecraft:sunflower":2,"minecraft:iron_pickaxe":298,"minecraft:jungle_stairs":79,"minecraft:spruce_trapdoor":17,"minecraft:spruce_sapling":4,"minecraft:stone_axe":46,"minecraft:pink_petals":12,"minecraft:green_carpet":3,"minecraft:cherry_stairs":30,"minecraft:cobblestone":210,"minecraft:porkchop":3,"minecraft:cooked_porkchop":7,"minecraft:jungle_door":6,"minecraft:bucket":92,"minecraft:yellow_bed":9},"minecraft:picked_up":{"minecraft:iron_chestplate":2,"minecraft:wheat":2,"minecraft:flower_pot":1,"minecraft:yellow_wool":3,"minecraft:diamond_sword":4,"minecraft:potion":2,"minecraft:enchanted_book":13,"minecraft:string":4,"minecraft:raw_copper":28,"minecraft:iron_leggings":3,"minecraft:cherry_boat":1,"minecraft:diamond_leggings":4,"minecraft:cobbled_deepslate":382,"minecraft:bucket":1,"minecraft:spruce_planks":31,"minecraft:trial_key":5,"minecraft:waxed_oxidized_copper_door":1,"minecraft:redstone_torch":6,"minecraft:azalea":2,"minecraft:iron_pickaxe":3,"minecraft:melon_slice":81,"minecraft:furnace":14,"minecraft:iron_boots":3,"minecraft:tipped_arrow":64,"minecraft:stick":168,"minecraft:jungle_door":2,"minecraft:torch":456,"minecraft:spruce_stairs":7,"minecraft:porkchop":10,"minecraft:cherry_log":45,"minecraft:waxed_copper_grate":4,"minecraft:pointed_dripstone":17,"minecraft:diorite":7,"minecraft:bamboo_block":7,"minecraft:stone_sword":4,"minecraft:rotten_flesh":114,"minecraft:deepslate_brick_stairs":20,"minecraft:cobblestone":705,"minecraft:pink_petals":128,"minecraft:leather_chestplate":1,"minecraft:cherry_planks":118,"minecraft:water_bucket":3,"minecraft:andesite":10,"minecraft:jungle_log":1510,"minecraft:brown_wool":1,"minecraft:smoker":1,"minecraft:potato":5,"minecraft:flint":7,"minecraft:tuff":21,"minecraft:lantern":17,"minecraft:dirt":1786,"minecraft:leather_boots":1,"minecraft:bone":75,"minecraft:bow":3,"minecraft:wheat_seeds":51,"minecraft:deepslate_brick_slab":44,"minecraft:raw_gold":16,"minecraft:fletching_table":1,"minecraft:diamond_helmet":4,"minecraft:bamboo":94,"minecraft:powered_rail":5,"minecraft:moss_block":5,"minecraft:honeycomb":6,"minecraft:stone_hoe":3,"minecraft:oak_planks":128,"minecraft:cooked_porkchop":13,"minecraft:sand":165,"minecraft:jungle_planks":1,"minecraft:grass_block":25,"minecraft:dark_oak_log":91,"minecraft:iron_hoe":2,"minecraft:diamond":47,"minecraft:waxed_oxidized_copper_grate":1,"minecraft:breeze_rod":9,"minecraft:granite":3,"minecraft:golden_apple":2,"minecraft:emerald":225,"minecraft:bread":109,"minecraft:ominous_trial_key":9,"minecraft:cherry_slab":3,"minecraft:netherrack":26,"minecraft:diamond_pickaxe":3,"minecraft:crafting_table":15,"minecraft:chicken":2,"minecraft:clay_ball":4,"minecraft:leather_leggings":1,"minecraft:music_disc_creator":1,"minecraft:brick":35,"minecraft:shield":2,"minecraft:wind_charge":35,"minecraft:moss_carpet":8,"minecraft:iron_axe":1,"minecraft:iron_shovel":3,"minecraft:beef":43,"minecraft:oak_boat":1,"minecraft:jungle_sapling":83,"minecraft:light_gray_wool":1,"minecraft:spruce_slab":1,"minecraft:sugar_cane":1959,"minecraft:chest":5,"minecraft:spruce_trapdoor":1,"minecraft:egg":25,"minecraft:dark_oak_sapling":4,"minecraft:raw_iron":312,"minecraft:cherry_stairs":27,"minecraft:oak_door":2,"minecraft:flow_pottery_sherd":1,"minecraft:carrot":106,"minecraft:dark_oak_planks":9,"minecraft:stone_shovel":3,"minecraft:arrow":212,"minecraft:diamond_chestplate":4,"minecraft:decorated_pot":3,"minecraft:jungle_stairs":2,"minecraft:deepslate_bricks":3,"minecraft:diamond_boots":5,"minecraft:hay_block":33,"minecraft:gold_ingot":2,"minecraft:tuff_bricks":2,"minecraft:bone_block":57,"minecraft:glow_berries":6,"minecraft:mutton":50,"minecraft:rail":43,"minecraft:white_wool":18,"minecraft:jungle_boat":2,"minecraft:golden_carrot":13,"minecraft:leather":12,"minecraft:oak_log":158,"minecraft:waxed_copper_block":2,"minecraft:golden_boots":1,"minecraft:yellow_bed":8,"minecraft:gunpowder":3,"minecraft:smooth_sandstone":4,"minecraft:iron_ingot":79,"minecraft:stone_pickaxe":1,"minecraft:cooked_chicken":2,"minecraft:iron_sword":3,"minecraft:dark_oak_stairs":1,"minecraft:book":26,"minecraft:oak_slab":6,"minecraft:heavy_core":1,"minecraft:quartz":1,"minecraft:dandelion":5,"minecraft:raw_iron_block":2,"minecraft:dripstone_block":50,"minecraft:gravel":50,"minecraft:spruce_sapling":8,"minecraft:blast_furnace":5,"minecraft:white_bed":2,"minecraft:spruce_log":77,"minecraft:polished_tuff":1,"minecraft:green_carpet":3,"minecraft:spider_eye":2,"minecraft:diamond_shovel":3,"minecraft:bamboo_trapdoor":6,"minecraft:stone_axe":3,"minecraft:iron_helmet":3,"minecraft:diamond_axe":5,"minecraft:cherry_sapling":26,"minecraft:gray_wool":12,"minecraft:oak_button":2,"minecraft:baked_potato":120,"minecraft:black_wool":1,"minecraft:coal":451,"minecraft:sunflower":2},"minecraft:dropped":{"minecraft:bamboo_trapdoor":4,"minecraft:diamond_axe":1,"minecraft:baked_potato":3,"minecraft:decorated_pot":1,"minecraft:crossbow":1,"minecraft:leather":12,"minecraft:honeycomb":12,"minecraft:rail":2,"minecraft:flint":1,"minecraft:emerald":1,"minecraft:dirt":14,"minecraft:mutton":12,"minecraft:white_wool":16,"minecraft:bone":57,"minecraft:oak_door":3,"minecraft:gravel":3,"minecraft:stone_axe":15,"minecraft:sugar_cane":4,"minecraft:cooked_chicken":2,"minecraft:cherry_stairs":7,"minecraft:cobbled_deepslate":37,"minecraft:wheat":2,"minecraft:pointed_dripstone":8,"minecraft:cherry_sapling":26,"minecraft:deepslate_brick_slab":1,"minecraft:rotten_flesh":111,"minecraft:carrot":1,"minecraft:leather_chestplate":1,"minecraft:tipped_arrow":59,"minecraft:jungle_stairs":43,"minecraft:jungle_log":3,"minecraft:leather_boots":1,"minecraft:azalea":2,"minecraft:leather_leggings":1,"minecraft:spruce_slab":1,"minecraft:arrow":88,"minecraft:quartz":1,"minecraft:netherrack":15,"minecraft:egg":6,"minecraft:stone_hoe":3,"minecraft:golden_boots":1,"minecraft:iron_ingot":1,"minecraft:bread":52,"minecraft:oak_slab":6,"minecraft:wheat_seeds":44,"minecraft:dripstone_block":22,"minecraft:cobblestone":34,"minecraft:polished_tuff":1,"minecraft:waxed_copper_grate":2,"minecraft:grass_block":8,"minecraft:stick":51,"minecraft:gray_wool":12,"minecraft:torch":88,"minecraft:wooden_axe":1,"minecraft:brown_wool":1,"minecraft:cherry_planks":6,"minecraft:iron_axe":3,"minecraft:iron_shovel":3,"minecraft:string":4,"minecraft:pink_petals":16,"minecraft:dandelion":2,"minecraft:bamboo_planks":2,"minecraft:moss_carpet":8,"minecraft:stone_sword":4,"minecraft:raw_copper":21,"minecraft:tuff":8,"minecraft:raw_iron":5,"minecraft:stone_shovel":27,"minecraft:chicken":2,"minecraft:clay_ball":4,"minecraft:filled_map":1,"minecraft:diamond_sword":1,"minecraft:potato":2,"minecraft:trial_key":2,"minecraft:oak_button":2,"minecraft:spruce_planks":16,"minecraft:andesite":4,"minecraft:spider_eye":1,"minecraft:bamboo":1,"minecraft:diamond_boots":1,"minecraft:bow":2,"minecraft:stone_pickaxe":1,"minecraft:wooden_pickaxe":1,"minecraft:waxed_oxidized_copper_grate":1,"minecraft:black_wool":1},"minecraft:killed":{"minecraft:spider":3,"minecraft:skeleton":33,"minecraft:chicken":2,"minecraft:silverfish":1,"minecraft:wolf":1,"minecraft:piglin":1,"minecraft:pig":6,"minecraft:creeper":27,"minecraft:sheep":27,"minecraft:zombie":47,"minecraft:stray":40,"minecraft:cow":16,"minecraft:husk":43,"minecraft:breeze":5},"minecraft:custom":{"minecraft:interact_with_crafting_table":67,"minecraft:open_barrel":10,"minecraft:bell_ring":1,"minecraft:leave_game":24,"minecraft:time_since_death":70222,"minecraft:sprint_one_cm":1957786,"minecraft:damage_blocked_by_shield":4012,"minecraft:drop":385,"minecraft:talked_to_villager":149,"minecraft:play_time":737958,"minecraft:deaths":9,"minecraft:jump":15166,"minecraft:walk_on_water_one_cm":145742,"minecraft:interact_with_furnace":27,"minecraft:traded_with_villager":591,"minecraft:sleep_in_bed":35,"minecraft:damage_dealt":27489,"minecraft:player_kills":1,"minecraft:crouch_one_cm":197762,"minecraft:interact_with_smoker":1,"minecraft:inspect_dispenser":1,"minecraft:interact_with_smithing_table":2,"minecraft:interact_with_anvil":20,"minecraft:mob_kills":258,"minecraft:inspect_hopper":7,"minecraft:interact_with_campfire":7,"minecraft:climb_one_cm":19626,"minecraft:walk_one_cm":1263860,"minecraft:sneak_time":60821,"minecraft:walk_under_water_one_cm":143998,"minecraft:boat_one_cm":670371,"minecraft:interact_with_blast_furnace":17,"minecraft:total_world_time":737958,"minecraft:interact_with_grindstone":1,"minecraft:time_since_rest":47511,"minecraft:damage_taken":11239,"minecraft:damage_absorbed":80,"minecraft:swim_one_cm":550180,"minecraft:fly_one_cm":3183738,"minecraft:open_chest":295,"minecraft:fall_one_cm":464040},"minecraft:mined":{"minecraft:dark_oak_planks":9,"minecraft:spruce_planks":8,"minecraft:white_bed":2,"minecraft:jungle_slab":1,"minecraft:cherry_log":48,"minecraft:jungle_leaves":276,"minecraft:potted_dead_bush":1,"minecraft:spruce_trapdoor":1,"minecraft:cave_vines_plant":1,"minecraft:granite":3,"minecraft:grass_block":620,"minecraft:jungle_log":1514,"minecraft:deepslate_bricks":3,"minecraft:frosted_ice":1,"minecraft:bamboo_block":7,"minecraft:tuff_bricks":2,"minecraft:tall_seagrass":1,"minecraft:raw_iron_block":2,"minecraft:iron_ore":104,"minecraft:fire":4,"minecraft:fletching_table":1,"minecraft:dark_oak_stairs":1,"minecraft:pointed_dripstone":1,"minecraft:dirt_path":15,"minecraft:deepslate_brick_stairs":20,"minecraft:green_carpet":3,"minecraft:spruce_slab":1,"minecraft:jungle_door":1,"minecraft:clay":1,"minecraft:torch":77,"minecraft:jungle_stairs":2,"minecraft:blast_furnace":5,"minecraft:melon":4,"minecraft:chest":5,"minecraft:nether_quartz_ore":50,"minecraft:cobblestone":34,"minecraft:sugar_cane":515,"minecraft:oak_planks":46,"minecraft:wall_torch":34,"minecraft:pink_petals":7,"minecraft:powered_rail":5,"minecraft:yellow_wool":3,"minecraft:wheat":13,"minecraft:waxed_copper_block":2,"minecraft:oak_log":113,"minecraft:dirt":269,"minecraft:red_mushroom_block":1,"minecraft:netherrack":26,"minecraft:oak_leaves":32,"minecraft:deepslate":343,"minecraft:tuff":16,"minecraft:dark_oak_leaves":149,"minecraft:deepslate_diamond_ore":36,"minecraft:dark_oak_log":91,"minecraft:decorated_pot":15,"minecraft:jungle_planks":1,"minecraft:spruce_leaves":5,"minecraft:moss_block":5,"minecraft:hay_block":33,"minecraft:deepslate_brick_slab":43,"minecraft:furnace":15,"minecraft:carrots":30,"minecraft:jungle_sapling":3,"minecraft:waxed_copper_grate":2,"minecraft:andesite":10,"minecraft:bookshelf":8,"minecraft:potatoes":3,"minecraft:deepslate_iron_ore":136,"minecraft:vine":127,"minecraft:rail":42,"minecraft:lantern":15,"minecraft:bamboo":12,"minecraft:stone":525,"minecraft:cherry_stairs":13,"minecraft:bone_block":59,"minecraft:redstone_wall_torch":1,"minecraft:cherry_planks":3,"minecraft:dandelion":5,"minecraft:smooth_sandstone":4,"minecraft:crafting_table":14,"minecraft:short_grass":140,"minecraft:emerald_ore":1,"minecraft:rose_bush":2,"minecraft:tall_grass":20,"minecraft:copper_ore":4,"minecraft:deepslate_gold_ore":7,"minecraft:diorite":5,"minecraft:spruce_stairs":7,"minecraft:bamboo_trapdoor":2,"minecraft:redstone_torch":4,"minecraft:spruce_log":72,"minecraft:yellow_bed":6,"minecraft:coal_ore":251,"minecraft:flower_pot":1,"minecraft:cherry_leaves":14,"minecraft:gravel":42,"minecraft:dripstone_block":16,"minecraft:cobweb":1,"minecraft:gold_ore":2,"minecraft:fern":3},"minecraft:killed_by":{"minecraft:creeper":1,"minecraft:spider":1,"minecraft:skeleton":1},"minecraft:crafted":{"minecraft:yellow_wool":3,"minecraft:oak_planks":104,"minecraft:cherry_slab":6,"minecraft:cobblestone_stairs":4,"minecraft:diamond_shovel":1,"minecraft:bookshelf":8,"minecraft:deepslate_brick_stairs":80,"minecraft:mace":1,"minecraft:bamboo_block":7,"minecraft:glass":96,"minecraft:bow":5,"minecraft:diamond_helmet":1,"minecraft:diamond_leggings":1,"minecraft:iron_boots":1,"minecraft:chest":3,"minecraft:jungle_stairs":120,"minecraft:stone_hoe":1,"minecraft:smoker":2,"minecraft:oak_slab":6,"minecraft:emerald":452,"minecraft:arrow":384,"minecraft:diamond_axe":1,"minecraft:crafting_table":10,"minecraft:spruce_planks":228,"minecraft:jungle_boat":3,"minecraft:wooden_pickaxe":1,"minecraft:iron_helmet":1,"minecraft:campfire":1,"minecraft:spruce_trapdoor":16,"minecraft:bamboo_planks":14,"minecraft:iron_chestplate":1,"minecraft:diamond_pickaxe":2,"minecraft:paper":1725,"minecraft:charcoal":1,"minecraft:yellow_dye":3,"minecraft:shield":2,"minecraft:stick":11174,"minecraft:iron_ingot":86,"minecraft:iron_pickaxe":2,"minecraft:stone_sword":1,"minecraft:deepslate_bricks":256,"minecraft:cherry_planks":180,"minecraft:oak_door":6,"minecraft:raw_iron":18,"minecraft:stone_shovel":25,"minecraft:iron_nugget":171,"minecraft:furnace":6,"minecraft:yellow_bed":2,"minecraft:bone_meal":90,"minecraft:lantern":42,"minecraft:spruce_stairs":56,"minecraft:polished_deepslate":256,"minecraft:iron_axe":1,"minecraft:iron_hoe":2,"minecraft:cherry_stairs":24,"minecraft:stone_pickaxe":1,"minecraft:diamond_boots":1,"minecraft:dark_oak_planks":164,"minecraft:wheat":297,"minecraft:crossbow":1,"minecraft:diamond_sword":1,"minecraft:dark_oak_stairs":60,"minecraft:iron_sword":1,"minecraft:deepslate_brick_slab":72,"minecraft:bucket":2,"minecraft:stone_axe":13,"minecraft:enchanted_book":15,"minecraft:jungle_planks":5696,"minecraft:bread":99,"minecraft:air":0,"minecraft:oak_boat":1,"minecraft:jungle_door":12,"minecraft:wooden_axe":1,"minecraft:iron_shovel":8,"minecraft:iron_leggings":1,"minecraft:torch":844,"minecraft:bamboo_trapdoor":4,"minecraft:diamond_chestplate":1},"minecraft:broken":{"minecraft:iron_shovel":1,"minecraft:iron_hoe":1,"minecraft:shield":1,"minecraft:iron_pickaxe":1}},"DataVersion":3953}