{"stats":{"minecraft:used":{"minecraft:cherry_sapling":6,"minecraft:iron_shovel":725,"minecraft:diamond_hoe":273,"minecraft:chest":14,"minecraft:shield":6,"minecraft:stone":174,"minecraft:iron_sword":139,"minecraft:bell":3,"minecraft:rotten_flesh":4,"minecraft:iron_chestplate":2,"minecraft:mutton":19,"minecraft:obsidian":26,"minecraft:jungle_sapling":11,"minecraft:lava_bucket":4,"minecraft:coal_ore":1,"minecraft:grass_block":304,"minecraft:dark_oak_boat":1,"minecraft:gold_block":1,"minecraft:egg":28,"minecraft:dark_oak_sapling":8,"minecraft:damaged_anvil":1,"minecraft:diamond_boots":2,"minecraft:stone_pickaxe":91,"minecraft:blackstone":4,"minecraft:ender_pearl":12,"minecraft:wooden_pickaxe":10,"minecraft:sugar_cane":28,"minecraft:diamond_axe":208,"minecraft:sand":1,"minecraft:blast_furnace":5,"minecraft:crossbow":1,"minecraft:bread":75,"minecraft:lectern":104,"minecraft:gravel":1,"minecraft:diamond_sword":158,"minecraft:wooden_sword":32,"minecraft:grindstone":1,"minecraft:smithing_table":3,"minecraft:oak_boat":1,"minecraft:experience_bottle":111,"minecraft:bone_meal":237,"minecraft:golden_pickaxe":32,"minecraft:oak_fence":3,"minecraft:cherry_boat":5,"minecraft:stone_sword":50,"minecraft:flint_and_steel":3,"minecraft:netherrack":78,"minecraft:torch":24,"minecraft:dirt":1033,"minecraft:anvil":2,"minecraft:chainmail_chestplate":1,"minecraft:wooden_axe":26,"minecraft:iron_axe":166,"minecraft:jungle_log":2,"minecraft:bamboo":72,"minecraft:basalt":6,"minecraft:golden_carrot":30,"minecraft:cobbled_deepslate":12,"minecraft:cherry_log":1,"minecraft:golden_axe":69,"minecraft:cooked_mutton":1,"minecraft:birch_boat":1,"minecraft:cherry_planks":206,"minecraft:fletching_table":7,"minecraft:diamond_block":7,"minecraft:crafting_table":11,"minecraft:white_bed":22,"minecraft:painting":25,"minecraft:oak_log":2,"minecraft:diamond_pickaxe":1935,"minecraft:diamond_shovel":1409,"minecraft:sunflower":1,"minecraft:cracked_polished_blackstone_bricks":26,"minecraft:iron_pickaxe":90,"minecraft:stone_axe":6,"minecraft:cobblestone":43,"minecraft:porkchop":12,"minecraft:jungle_door":1,"minecraft:bucket":4,"minecraft:yellow_bed":17,"minecraft:sculk_catalyst":1},"minecraft:picked_up":{"minecraft:smithing_table":2,"minecraft:lead":2,"minecraft:diamond_sword":2,"minecraft:enchanted_book":2,"minecraft:golden_sword":1,"minecraft:string":2,"minecraft:cherry_boat":5,"minecraft:red_sand":1,"minecraft:gold_nugget":49,"minecraft:cobbled_deepslate":39,"minecraft:netherite_upgrade_smithing_template":1,"minecraft:stick":621,"minecraft:jungle_door":3,"minecraft:composter":2,"minecraft:oak_fence":1,"minecraft:torch":11,"minecraft:porkchop":12,"minecraft:cherry_log":114,"minecraft:pointed_dripstone":9,"minecraft:diorite":3,"minecraft:copper_door":1,"minecraft:golden_chestplate":2,"minecraft:rotten_flesh":6,"minecraft:obsidian":6,"minecraft:cobblestone":600,"minecraft:pink_petals":15,"minecraft:andesite":3,"minecraft:cherry_planks":216,"minecraft:jungle_log":131,"minecraft:dark_oak_boat":1,"minecraft:golden_leggings":1,"minecraft:dirt":631,"minecraft:bone":11,"minecraft:wheat_seeds":34,"minecraft:raw_gold":10,"minecraft:bell":3,"minecraft:fletching_table":5,"minecraft:diamond_helmet":1,"minecraft:bamboo":103,"minecraft:oak_planks":1,"minecraft:sand":956,"minecraft:grass_block":359,"minecraft:dark_oak_log":50,"minecraft:diamond":22,"minecraft:cracked_polished_blackstone_bricks":28,"minecraft:crossbow":1,"minecraft:granite":23,"minecraft:bread":6,"minecraft:emerald":492,"minecraft:netherrack":706,"minecraft:crimson_roots":1,"minecraft:crafting_table":9,"minecraft:leather_leggings":1,"minecraft:gold_block":16,"minecraft:shield":1,"minecraft:iron_axe":1,"minecraft:blackstone":24,"minecraft:jungle_sapling":11,"minecraft:poppy":5,"minecraft:lectern":101,"minecraft:sugar_cane":28,"minecraft:chest":2,"minecraft:egg":33,"minecraft:copper_ore":3,"minecraft:dark_oak_sapling":4,"minecraft:raw_iron":50,"minecraft:stone":40,"minecraft:polished_blackstone_bricks":35,"minecraft:carrot":1,"minecraft:redstone":79,"minecraft:dark_oak_planks":22,"minecraft:arrow":15,"minecraft:diamond_boots":6,"minecraft:mutton":20,"minecraft:white_wool":13,"minecraft:rail":144,"minecraft:basalt":10,"minecraft:glow_ink_sac":3,"minecraft:leather":2,"minecraft:blackstone_slab":1,"minecraft:oak_log":11,"minecraft:ancient_debris":16,"minecraft:golden_boots":1,"minecraft:yellow_bed":18,"minecraft:gunpowder":1,"minecraft:cooked_mutton":1,"minecraft:iron_ingot":69,"minecraft:iron_sword":1,"minecraft:sculk_catalyst":1,"minecraft:oak_slab":1,"minecraft:quartz":8,"minecraft:dripstone_block":3,"minecraft:gravel":1,"minecraft:blast_furnace":5,"minecraft:white_bed":22,"minecraft:spider_eye":1,"minecraft:coal_ore":1,"minecraft:diamond_axe":1,"minecraft:painting":4,"minecraft:cherry_sapling":33,"minecraft:damaged_anvil":1,"minecraft:coal":290,"minecraft:sunflower":5,"minecraft:ender_pearl":1},"minecraft:mined":{"minecraft:white_bed":19,"minecraft:cherry_log":67,"minecraft:jungle_leaves":272,"minecraft:obsidian":7,"minecraft:granite":17,"minecraft:red_sand":1,"minecraft:grass_block":412,"minecraft:jungle_log":134,"minecraft:cracked_polished_blackstone_bricks":29,"minecraft:composter":2,"minecraft:polished_blackstone_bricks":37,"minecraft:iron_ore":39,"minecraft:cobbled_deepslate":10,"minecraft:fire":11,"minecraft:fletching_table":4,"minecraft:dirt_path":36,"minecraft:deepslate_redstone_ore":14,"minecraft:jungle_door":2,"minecraft:blackstone":23,"minecraft:crimson_nylium":8,"minecraft:torch":6,"minecraft:blast_furnace":5,"minecraft:chest":2,"minecraft:nether_quartz_ore":3,"minecraft:cobblestone":7,"minecraft:sugar_cane":23,"minecraft:wall_torch":2,"minecraft:pink_petals":4,"minecraft:yellow_wool":1,"minecraft:stripped_oak_wood":1,"minecraft:oak_log":12,"minecraft:sand":1209,"minecraft:dirt":398,"minecraft:ancient_debris":16,"minecraft:netherrack":1100,"minecraft:deepslate":9,"minecraft:nether_gold_ore":7,"minecraft:diamond_ore":2,"minecraft:dark_oak_leaves":2,"minecraft:deepslate_diamond_ore":10,"minecraft:cherry_sapling":3,"minecraft:dark_oak_log":51,"minecraft:furnace":1,"minecraft:polished_basalt":1,"minecraft:andesite":3,"minecraft:gold_block":16,"minecraft:bell":3,"minecraft:deepslate_iron_ore":2,"minecraft:vine":10,"minecraft:rail":1,"minecraft:bamboo":9,"minecraft:stone":627,"minecraft:white_wool":1,"minecraft:smithing_table":2,"minecraft:oak_slab":2,"minecraft:cherry_planks":10,"minecraft:basalt":10,"minecraft:oak_fence":3,"minecraft:crafting_table":11,"minecraft:short_grass":103,"minecraft:lectern":101,"minecraft:tall_grass":20,"minecraft:copper_ore":3,"minecraft:deepslate_gold_ore":4,"minecraft:diorite":1,"minecraft:yellow_bed":15,"minecraft:coal_ore":112,"minecraft:cherry_leaves":3,"minecraft:sunflower":4,"minecraft:gravel":2},"minecraft:crafted":{"minecraft:oak_planks":36,"minecraft:dark_oak_boat":1,"minecraft:stone":6,"minecraft:diamond_helmet":3,"minecraft:iron_boots":13,"minecraft:diamond_leggings":3,"minecraft:chest":12,"minecraft:netherite_upgrade_smithing_template":6,"minecraft:rail":144,"minecraft:golden_boots":2,"minecraft:emerald":323,"minecraft:diamond_axe":4,"minecraft:crafting_table":2,"minecraft:wooden_pickaxe":1,"minecraft:iron_helmet":13,"minecraft:chainmail_chestplate":12,"minecraft:iron_chestplate":1,"minecraft:diamond_pickaxe":3,"minecraft:stick":8249,"minecraft:iron_ingot":77,"minecraft:iron_pickaxe":1,"minecraft:stone_sword":1,"minecraft:gold_ingot":186,"minecraft:sandstone":240,"minecraft:netherite_ingot":4,"minecraft:cherry_planks":3544,"minecraft:wooden_sword":1,"minecraft:stone_shovel":36,"minecraft:bone_meal":261,"minecraft:diamond":9,"minecraft:iron_axe":35,"minecraft:stone_pickaxe":1,"minecraft:diamond_boots":4,"minecraft:netherite_scrap":18,"minecraft:dark_oak_planks":232,"minecraft:diamond_sword":1,"minecraft:powered_rail":6,"minecraft:iron_sword":1,"minecraft:stone_axe":37,"minecraft:enchanted_book":18,"minecraft:air":0,"minecraft:jungle_planks":516,"minecraft:oak_boat":1,"minecraft:wooden_axe":1,"minecraft:iron_shovel":7,"minecraft:iron_leggings":1,"minecraft:white_bed":3,"minecraft:torch":64,"minecraft:diamond_chestplate":3},"minecraft:killed":{"minecraft:spider":6,"minecraft:skeleton":13,"minecraft:piglin_brute":1,"minecraft:magma_cube":2,"minecraft:piglin":6,"minecraft:pig":5,"minecraft:iron_golem":4,"minecraft:creeper":1,"minecraft:sheep":13,"minecraft:trader_llama":2,"minecraft:pillager":2,"minecraft:zombie":21,"minecraft:warden":2,"minecraft:wandering_trader":1,"minecraft:villager":3,"minecraft:enderman":1},"minecraft:dropped":{"minecraft:iron_sword":1,"minecraft:diamond_axe":2,"minecraft:glow_ink_sac":3,"minecraft:ender_pearl":8,"minecraft:diamond":126,"minecraft:crossbow":2,"minecraft:netherite_upgrade_smithing_template":1,"minecraft:leather":2,"minecraft:rail":144,"minecraft:cracked_polished_blackstone_bricks":2,"minecraft:dirt":233,"minecraft:netherite_scrap":2,"minecraft:mutton":1,"minecraft:crimson_roots":1,"minecraft:wooden_sword":1,"minecraft:gold_nugget":4,"minecraft:sunflower":4,"minecraft:polished_blackstone_bricks":35,"minecraft:iron_pickaxe":1,"minecraft:dark_oak_planks":44,"minecraft:white_wool":3,"minecraft:bone":4,"minecraft:stone_axe":36,"minecraft:blackstone":20,"minecraft:ancient_debris":2,"minecraft:golden_chestplate":2,"minecraft:pointed_dripstone":9,"minecraft:cherry_sapling":3,"minecraft:rotten_flesh":1,"minecraft:white_bed":3,"minecraft:chainmail_chestplate":12,"minecraft:poppy":3,"minecraft:gunpowder":1,"minecraft:leather_leggings":1,"minecraft:blackstone_slab":1,"minecraft:basalt":4,"minecraft:arrow":17,"minecraft:quartz":8,"minecraft:egg":1,"minecraft:enchanted_book":2,"minecraft:golden_boots":4,"minecraft:iron_ingot":10,"minecraft:bread":14,"minecraft:oak_slab":1,"minecraft:wheat_seeds":34,"minecraft:cherry_log":59,"minecraft:dripstone_block":3,"minecraft:diamond_leggings":2,"minecraft:iron_helmet":13,"minecraft:cobblestone":2,"minecraft:granite":15,"minecraft:copper_door":1,"minecraft:grass_block":24,"minecraft:coal":43,"minecraft:stick":514,"minecraft:lava_bucket":17,"minecraft:diorite":3,"minecraft:torch":64,"minecraft:cherry_planks":228,"minecraft:diamond_helmet":3,"minecraft:jungle_door":2,"minecraft:iron_leggings":1,"minecraft:golden_hoe":1,"minecraft:iron_axe":35,"minecraft:iron_shovel":8,"minecraft:string":2,"minecraft:pink_petals":15,"minecraft:composter":2,"minecraft:raw_iron":47,"minecraft:stone_shovel":36,"minecraft:iron_boots":13,"minecraft:diamond_sword":2,"minecraft:stone":61,"minecraft:diamond_chestplate":2,"minecraft:iron_chestplate":1,"minecraft:andesite":3,"minecraft:yellow_bed":1,"minecraft:golden_leggings":2,"minecraft:golden_sword":1,"minecraft:spider_eye":1,"minecraft:bamboo":1,"minecraft:diamond_boots":6,"minecraft:sandstone":240,"minecraft:red_sand":1,"minecraft:wooden_pickaxe":1},"minecraft:custom":{"minecraft:interact_with_crafting_table":42,"minecraft:open_barrel":3,"minecraft:bell_ring":85,"minecraft:leave_game":3,"minecraft:time_since_death":757092,"minecraft:sprint_one_cm":1023871,"minecraft:damage_blocked_by_shield":284,"minecraft:drop":332,"minecraft:talked_to_villager":257,"minecraft:play_time":757092,"minecraft:jump":10342,"minecraft:walk_on_water_one_cm":93663,"minecraft:interact_with_furnace":20,"minecraft:traded_with_villager":510,"minecraft:sleep_in_bed":55,"minecraft:damage_dealt":27614,"minecraft:player_kills":1,"minecraft:crouch_one_cm":134474,"minecraft:interact_with_smoker":1,"minecraft:interact_with_smithing_table":1,"minecraft:mob_kills":86,"minecraft:interact_with_anvil":24,"minecraft:climb_one_cm":2569,"minecraft:walk_one_cm":1385440,"minecraft:sneak_time":34439,"minecraft:walk_under_water_one_cm":55462,"minecraft:boat_one_cm":330415,"minecraft:interact_with_blast_furnace":29,"minecraft:total_world_time":757092,"minecraft:interact_with_grindstone":5,"minecraft:time_since_rest":1851,"minecraft:damage_taken":4112,"minecraft:swim_one_cm":149072,"minecraft:fly_one_cm":3276834,"minecraft:open_chest":205,"minecraft:fall_one_cm":230035},"minecraft:broken":{"minecraft:iron_shovel":1,"minecraft:golden_pickaxe":1}},"DataVersion":3953}