{"stats":{"minecraft:used":{"minecraft:cherry_sapling":8,"minecraft:iron_shovel":725,"minecraft:diamond_hoe":353,"minecraft:shield":6,"minecraft:chest":14,"minecraft:iron_sword":139,"minecraft:stone":174,"minecraft:bell":3,"minecraft:rotten_flesh":4,"minecraft:iron_chestplate":2,"minecraft:soul_sand":15,"minecraft:mutton":19,"minecraft:jungle_slab":5,"minecraft:deepslate_brick_slab":168,"minecraft:tuff":7,"minecraft:honey_bottle":2,"minecraft:obsidian":26,"minecraft:glass":64,"minecraft:jungle_sapling":11,"minecraft:lava_bucket":7,"minecraft:coal_ore":1,"minecraft:grass_block":304,"minecraft:vault":5,"minecraft:bow":26,"minecraft:dark_oak_boat":1,"minecraft:scaffolding":114,"minecraft:gold_block":1,"minecraft:egg":34,"minecraft:dark_oak_sapling":8,"minecraft:dark_oak_stairs":1,"minecraft:damaged_anvil":1,"minecraft:diamond_boots":2,"minecraft:copper_door":1,"minecraft:stone_pickaxe":91,"minecraft:powered_rail":8,"minecraft:blackstone":4,"minecraft:ender_pearl":16,"minecraft:wooden_pickaxe":10,"minecraft:sugar_cane":29,"minecraft:diamond_axe":375,"minecraft:sand":1,"minecraft:blast_furnace":5,"minecraft:crossbow":5,"minecraft:deepslate_brick_stairs":1,"minecraft:crimson_fence_gate":2,"minecraft:polished_tuff":1,"minecraft:redstone_torch":9,"minecraft:mace":42,"minecraft:bread":75,"minecraft:string":1,"minecraft:lectern":251,"minecraft:gravel":1,"minecraft:nether_wart_block":20,"minecraft:diamond_sword":940,"minecraft:wooden_sword":32,"minecraft:grindstone":1,"minecraft:smithing_table":3,"minecraft:oak_boat":1,"minecraft:oak_fence":3,"minecraft:cherry_boat":7,"minecraft:golden_pickaxe":32,"minecraft:bone_meal":273,"minecraft:experience_bottle":112,"minecraft:stone_sword":50,"minecraft:flint_and_steel":3,"minecraft:trial_key":4,"minecraft:netherrack":1854,"minecraft:torch":31,"minecraft:dirt":1033,"minecraft:anvil":2,"minecraft:chainmail_chestplate":1,"minecraft:jungle_trapdoor":67,"minecraft:wooden_axe":26,"minecraft:iron_block":1,"minecraft:iron_axe":166,"minecraft:jungle_log":2,"minecraft:bamboo":72,"minecraft:basalt":6,"minecraft:golden_carrot":59,"minecraft:emerald_block":1,"minecraft:minecart":22,"minecraft:cooked_beef":18,"minecraft:cobbled_deepslate":15,"minecraft:cherry_log":1,"minecraft:golden_axe":69,"minecraft:cooked_mutton":5,"minecraft:water_bucket":108,"minecraft:baked_potato":99,"minecraft:birch_boat":1,"minecraft:cherry_planks":209,"minecraft:fletching_table":7,"minecraft:waxed_copper_block":1,"minecraft:deepslate_bricks":1011,"minecraft:polished_blackstone_bricks":11,"minecraft:diamond_block":7,"minecraft:rail":110,"minecraft:crafting_table":11,"minecraft:oak_slab":4,"minecraft:white_bed":33,"minecraft:painting":25,"minecraft:oak_log":2,"minecraft:diamond_pickaxe":5799,"minecraft:ominous_trial_key":5,"minecraft:diamond_shovel":2255,"minecraft:wind_charge":184,"minecraft:sunflower":1,"minecraft:cracked_polished_blackstone_bricks":26,"minecraft:iron_pickaxe":90,"minecraft:stone_axe":6,"minecraft:cobblestone":44,"minecraft:potion":6,"minecraft:porkchop":16,"minecraft:jungle_door":1,"minecraft:bucket":117,"minecraft:yellow_bed":17,"minecraft:sculk_catalyst":1},"minecraft:picked_up":{"minecraft:smithing_table":2,"minecraft:lead":6,"minecraft:diamond_sword":2,"minecraft:potion":12,"minecraft:enchanted_book":10,"minecraft:golden_sword":1,"minecraft:string":38,"minecraft:soul_soil":1,"minecraft:cherry_boat":7,"minecraft:red_sand":1,"minecraft:gold_nugget":72,"minecraft:cobbled_deepslate":602,"minecraft:trial_key":13,"minecraft:redstone_torch":10,"minecraft:netherite_upgrade_smithing_template":1,"minecraft:enchanted_golden_apple":1,"minecraft:golden_helmet":1,"minecraft:tipped_arrow":61,"minecraft:stick":622,"minecraft:jungle_door":3,"minecraft:composter":2,"minecraft:oak_fence":1,"minecraft:torch":18,"minecraft:porkchop":20,"minecraft:cherry_log":114,"minecraft:waxed_copper_grate":2,"minecraft:pointed_dripstone":9,"minecraft:diorite":3,"minecraft:copper_door":3,"minecraft:golden_chestplate":4,"minecraft:honey_bottle":5,"minecraft:cactus":2,"minecraft:rotten_flesh":83,"minecraft:blaze_rod":3,"minecraft:deepslate_brick_stairs":1,"minecraft:obsidian":6,"minecraft:cobblestone":619,"minecraft:pink_petals":15,"minecraft:cooked_beef":14,"minecraft:andesite":3,"minecraft:cherry_planks":219,"minecraft:water_bucket":5,"minecraft:jungle_log":131,"minecraft:dark_oak_boat":1,"minecraft:golden_leggings":1,"minecraft:flint":4,"minecraft:tuff":21,"minecraft:lapis_lazuli":15,"minecraft:dirt":632,"minecraft:glass":1,"minecraft:bone":77,"minecraft:bow":11,"minecraft:wheat_seeds":34,"minecraft:deepslate_brick_slab":94,"minecraft:raw_gold":10,"minecraft:bell":3,"minecraft:fletching_table":5,"minecraft:diamond_helmet":1,"minecraft:bamboo":103,"minecraft:powered_rail":10,"minecraft:oak_planks":7,"minecraft:sand":1492,"minecraft:grass_block":359,"minecraft:jungle_slab":11,"minecraft:dark_oak_log":50,"minecraft:diamond":43,"minecraft:waxed_oxidized_copper_grate":1,"minecraft:cracked_polished_blackstone_bricks":35,"minecraft:breeze_rod":36,"minecraft:crossbow":2,"minecraft:granite":23,"minecraft:golden_apple":2,"minecraft:emerald":527,"minecraft:bread":7,"minecraft:ominous_trial_key":25,"minecraft:netherrack":3480,"minecraft:crimson_roots":1,"minecraft:diamond_pickaxe":2,"minecraft:crafting_table":9,"minecraft:leather_leggings":1,"minecraft:gold_block":16,"minecraft:brick":7,"minecraft:shield":1,"minecraft:wind_charge":56,"minecraft:jungle_trapdoor":64,"minecraft:flow_banner_pattern":1,"minecraft:iron_axe":1,"minecraft:blackstone":24,"minecraft:jungle_sapling":11,"minecraft:poppy":13,"minecraft:minecart":24,"minecraft:lectern":248,"minecraft:sugar_cane":29,"minecraft:chest":2,"minecraft:egg":39,"minecraft:copper_ore":3,"minecraft:dark_oak_sapling":4,"minecraft:raw_iron":50,"minecraft:stone":40,"minecraft:polished_blackstone_bricks":64,"minecraft:flow_pottery_sherd":1,"minecraft:mace":3,"minecraft:carrot":1,"minecraft:redstone":79,"minecraft:dark_oak_planks":22,"minecraft:diamond_chestplate":2,"minecraft:arrow":120,"minecraft:weeping_vines":1,"minecraft:deepslate_bricks":539,"minecraft:diamond_boots":6,"minecraft:vault":2,"minecraft:tuff_bricks":3,"minecraft:mutton":20,"minecraft:rail":316,"minecraft:white_wool":13,"minecraft:basalt":11,"minecraft:golden_carrot":15,"minecraft:glow_ink_sac":3,"minecraft:crimson_stem":2,"minecraft:leather":3,"minecraft:blackstone_slab":1,"minecraft:waxed_copper_block":1,"minecraft:oak_log":11,"minecraft:ancient_debris":17,"minecraft:yellow_bed":19,"minecraft:golden_boots":2,"minecraft:nether_wart_block":39,"minecraft:gunpowder":1,"minecraft:wooden_hoe":1,"minecraft:cooked_mutton":5,"minecraft:smooth_sandstone":4,"minecraft:kelp":41,"minecraft:iron_ingot":91,"minecraft:cooked_chicken":1,"minecraft:glass_bottle":3,"minecraft:iron_sword":1,"minecraft:soul_sand":93,"minecraft:dark_oak_stairs":2,"minecraft:sculk_catalyst":1,"minecraft:scaffolding":160,"minecraft:oak_slab":6,"minecraft:emerald_block":2,"minecraft:heavy_core":1,"minecraft:quartz":165,"minecraft:dripstone_block":3,"minecraft:gravel":2,"minecraft:blast_furnace":5,"minecraft:white_bed":34,"minecraft:polished_tuff":2,"minecraft:spider_eye":23,"minecraft:diamond_shovel":1,"minecraft:coal_ore":1,"minecraft:chainmail_leggings":1,"minecraft:diamond_axe":5,"minecraft:painting":4,"minecraft:cherry_sapling":33,"minecraft:baked_potato":115,"minecraft:damaged_anvil":1,"minecraft:coal":296,"minecraft:sunflower":5,"minecraft:ender_pearl":1},"minecraft:dropped":{"minecraft:iron_sword":1,"minecraft:porkchop":4,"minecraft:dark_oak_stairs":1,"minecraft:diamond_axe":5,"minecraft:cooked_beef":3,"minecraft:baked_potato":7,"minecraft:glow_ink_sac":3,"minecraft:glass_bottle":10,"minecraft:diamond":126,"minecraft:ender_pearl":11,"minecraft:crossbow":2,"minecraft:netherite_upgrade_smithing_template":1,"minecraft:leather":3,"minecraft:rail":186,"minecraft:emerald":12,"minecraft:flint":4,"minecraft:cracked_polished_blackstone_bricks":2,"minecraft:dirt":234,"minecraft:mace":3,"minecraft:netherite_scrap":2,"minecraft:mutton":1,"minecraft:crimson_roots":1,"minecraft:gold_nugget":4,"minecraft:wooden_sword":1,"minecraft:sunflower":4,"minecraft:polished_blackstone_bricks":35,"minecraft:iron_pickaxe":1,"minecraft:dark_oak_planks":44,"minecraft:white_wool":3,"minecraft:bone":4,"minecraft:gravel":1,"minecraft:stone_axe":36,"minecraft:blackstone":20,"minecraft:ancient_debris":3,"minecraft:cooked_chicken":1,"minecraft:golden_chestplate":4,"minecraft:pointed_dripstone":9,"minecraft:cherry_sapling":3,"minecraft:rotten_flesh":62,"minecraft:honey_bottle":4,"minecraft:white_bed":5,"minecraft:chainmail_chestplate":12,"minecraft:poppy":3,"minecraft:tipped_arrow":35,"minecraft:gunpowder":1,"minecraft:chest":10,"minecraft:leather_leggings":1,"minecraft:blackstone_slab":1,"minecraft:basalt":5,"minecraft:powered_rail":2,"minecraft:arrow":19,"minecraft:quartz":61,"minecraft:netherrack":395,"minecraft:egg":1,"minecraft:golden_boots":5,"minecraft:enchanted_book":2,"minecraft:water_bucket":4,"minecraft:iron_ingot":74,"minecraft:bread":15,"minecraft:oak_slab":1,"minecraft:wheat_seeds":34,"minecraft:golden_helmet":1,"minecraft:cherry_log":59,"minecraft:minecart":2,"minecraft:dripstone_block":3,"minecraft:diamond_leggings":2,"minecraft:lead":2,"minecraft:iron_helmet":13,"minecraft:cobblestone":10,"minecraft:book":1,"minecraft:waxed_copper_grate":2,"minecraft:polished_tuff":1,"minecraft:granite":15,"minecraft:crimson_fence_gate":1,"minecraft:ominous_trial_key":8,"minecraft:copper_door":1,"minecraft:grass_block":24,"minecraft:coal":43,"minecraft:stick":515,"minecraft:lava_bucket":17,"minecraft:jungle_slab":7,"minecraft:diorite":3,"minecraft:wooden_hoe":1,"minecraft:torch":64,"minecraft:cherry_planks":228,"minecraft:jungle_door":2,"minecraft:diamond_helmet":3,"minecraft:potion":5,"minecraft:iron_leggings":1,"minecraft:golden_hoe":1,"minecraft:iron_axe":35,"minecraft:chainmail_leggings":1,"minecraft:iron_shovel":8,"minecraft:string":37,"minecraft:pink_petals":15,"minecraft:tuff_bricks":3,"minecraft:flow_pottery_sherd":1,"minecraft:vault":1,"minecraft:tuff":9,"minecraft:composter":2,"minecraft:raw_iron":47,"minecraft:stone_shovel":36,"minecraft:iron_boots":13,"minecraft:smoker":8,"minecraft:diamond_sword":2,"minecraft:stone":61,"minecraft:diamond_chestplate":3,"minecraft:iron_chestplate":1,"minecraft:diamond_pickaxe":2,"minecraft:andesite":3,"minecraft:yellow_bed":2,"minecraft:golden_leggings":2,"minecraft:golden_sword":1,"minecraft:redstone_torch":10,"minecraft:spider_eye":23,"minecraft:bamboo":1,"minecraft:diamond_boots":6,"minecraft:sandstone":240,"minecraft:bow":3,"minecraft:red_sand":1,"minecraft:wooden_pickaxe":1,"minecraft:brick":7,"minecraft:waxed_oxidized_copper_grate":1},"minecraft:killed":{"minecraft:cave_spider":24,"minecraft:witch":1,"minecraft:spider":9,"minecraft:skeleton":57,"minecraft:piglin_brute":1,"minecraft:magma_cube":2,"minecraft:piglin":8,"minecraft:pig":5,"minecraft:zombie_villager":1,"minecraft:iron_golem":8,"minecraft:creeper":67,"minecraft:sheep":13,"minecraft:trader_llama":3,"minecraft:pillager":2,"minecraft:zombie":69,"minecraft:stray":66,"minecraft:blaze":12,"minecraft:phantom":1,"minecraft:warden":2,"minecraft:husk":34,"minecraft:wandering_trader":2,"minecraft:hoglin":1,"minecraft:breeze":11,"minecraft:villager":3,"minecraft:enderman":1},"minecraft:custom":{"minecraft:interact_with_crafting_table":63,"minecraft:open_barrel":4,"minecraft:bell_ring":85,"minecraft:leave_game":9,"minecraft:time_since_death":1344762,"minecraft:sprint_one_cm":2223375,"minecraft:damage_blocked_by_shield":284,"minecraft:drop":453,"minecraft:talked_to_villager":458,"minecraft:play_time":1344762,"minecraft:jump":19905,"minecraft:walk_on_water_one_cm":144954,"minecraft:interact_with_furnace":54,"minecraft:traded_with_villager":511,"minecraft:sleep_in_bed":93,"minecraft:damage_dealt":67173,"minecraft:player_kills":2,"minecraft:crouch_one_cm":317895,"minecraft:inspect_dispenser":2,"minecraft:interact_with_smoker":12,"minecraft:interact_with_smithing_table":3,"minecraft:interact_with_anvil":33,"minecraft:mob_kills":414,"minecraft:inspect_hopper":17,"minecraft:climb_one_cm":36676,"minecraft:walk_one_cm":2907396,"minecraft:sneak_time":75239,"minecraft:walk_under_water_one_cm":229152,"minecraft:boat_one_cm":457168,"minecraft:interact_with_blast_furnace":31,"minecraft:total_world_time":1344762,"minecraft:interact_with_grindstone":5,"minecraft:interact_with_stonecutter":1,"minecraft:time_since_rest":5570,"minecraft:damage_taken":10866,"minecraft:minecart_one_cm":41008,"minecraft:swim_one_cm":249253,"minecraft:fly_one_cm":5133606,"minecraft:open_chest":430,"minecraft:fall_one_cm":494116},"minecraft:mined":{"minecraft:spruce_planks":2,"minecraft:white_bed":30,"minecraft:jungle_slab":2,"minecraft:cherry_log":67,"minecraft:jungle_leaves":272,"minecraft:obsidian":7,"minecraft:granite":17,"minecraft:red_sand":1,"minecraft:grass_block":413,"minecraft:jungle_log":134,"minecraft:cracked_polished_blackstone_bricks":34,"minecraft:deepslate_bricks":562,"minecraft:soul_soil":5,"minecraft:frosted_ice":1,"minecraft:composter":2,"minecraft:hopper":1,"minecraft:tuff_bricks":2,"minecraft:polished_blackstone_bricks":59,"minecraft:weeping_vines_plant":1,"minecraft:iron_ore":39,"minecraft:cobbled_deepslate":19,"minecraft:fire":56,"minecraft:polished_tuff":1,"minecraft:fletching_table":4,"minecraft:deepslate_lapis_ore":2,"minecraft:dark_oak_stairs":2,"minecraft:dirt_path":36,"minecraft:jungle_trapdoor":2,"minecraft:deepslate_redstone_ore":14,"minecraft:jungle_door":2,"minecraft:blackstone":23,"minecraft:kelp_plant":1,"minecraft:crimson_nylium":15,"minecraft:soul_fire":1,"minecraft:torch":11,"minecraft:blast_furnace":5,"minecraft:chest":10,"minecraft:nether_quartz_ore":76,"minecraft:cobblestone":17,"minecraft:sugar_cane":24,"minecraft:wall_torch":2,"minecraft:pink_petals":4,"minecraft:powered_rail":2,"minecraft:nether_wart_block":74,"minecraft:yellow_wool":1,"minecraft:stripped_oak_wood":1,"minecraft:oak_log":12,"minecraft:sand":1919,"minecraft:dirt":398,"minecraft:emerald_block":1,"minecraft:netherrack":3539,"minecraft:ancient_debris":17,"minecraft:deepslate":476,"minecraft:nether_gold_ore":7,"minecraft:diamond_ore":2,"minecraft:tuff":63,"minecraft:dark_oak_leaves":2,"minecraft:deepslate_diamond_ore":17,"minecraft:cherry_sapling":3,"minecraft:dark_oak_log":51,"minecraft:decorated_pot":1,"minecraft:kelp":1,"minecraft:crimson_stem":4,"minecraft:deepslate_brick_slab":98,"minecraft:furnace":1,"minecraft:waxed_copper_grate":2,"minecraft:polished_basalt":1,"minecraft:andesite":3,"minecraft:gold_block":16,"minecraft:bell":3,"minecraft:deepslate_iron_ore":2,"minecraft:vine":10,"minecraft:rail":58,"minecraft:bamboo":9,"minecraft:stone":635,"minecraft:white_wool":1,"minecraft:smithing_table":2,"minecraft:oak_slab":8,"minecraft:scaffolding":32,"minecraft:cherry_planks":13,"minecraft:soul_sand":122,"minecraft:basalt":11,"minecraft:copper_door":1,"minecraft:oak_fence":3,"minecraft:smooth_sandstone":1,"minecraft:crafting_table":11,"minecraft:short_grass":103,"minecraft:lectern":246,"minecraft:copper_ore":3,"minecraft:tall_grass":20,"minecraft:deepslate_gold_ore":4,"minecraft:diorite":1,"minecraft:waxed_oxidized_copper_grate":1,"minecraft:redstone_torch":2,"minecraft:yellow_bed":15,"minecraft:coal_ore":117,"minecraft:cherry_leaves":3,"minecraft:sunflower":4,"minecraft:gravel":10,"minecraft:cobweb":2},"minecraft:crafted":{"minecraft:oak_planks":36,"minecraft:dark_oak_boat":1,"minecraft:blaze_powder":2,"minecraft:stone":6,"minecraft:bookshelf":3,"minecraft:mace":1,"minecraft:bow":1,"minecraft:diamond_helmet":3,"minecraft:diamond_leggings":3,"minecraft:iron_boots":13,"minecraft:chest":12,"minecraft:netherite_upgrade_smithing_template":6,"minecraft:rail":144,"minecraft:golden_boots":2,"minecraft:smoker":8,"minecraft:emerald":332,"minecraft:diamond_axe":4,"minecraft:crafting_table":2,"minecraft:wooden_pickaxe":1,"minecraft:iron_helmet":13,"minecraft:chainmail_chestplate":12,"minecraft:lectern":3,"minecraft:iron_chestplate":1,"minecraft:diamond_pickaxe":3,"minecraft:stick":8261,"minecraft:iron_ingot":77,"minecraft:iron_pickaxe":1,"minecraft:stone_sword":1,"minecraft:gold_ingot":186,"minecraft:sandstone":240,"minecraft:redstone_torch":9,"minecraft:netherite_ingot":4,"minecraft:deepslate_bricks":256,"minecraft:cherry_planks":3544,"minecraft:wooden_sword":1,"minecraft:stone_shovel":36,"minecraft:crimson_fence_gate":3,"minecraft:wind_charge":140,"minecraft:furnace":8,"minecraft:bone_meal":336,"minecraft:diamond":9,"minecraft:polished_deepslate":256,"minecraft:iron_axe":35,"minecraft:spruce_slab":12,"minecraft:stone_pickaxe":1,"minecraft:diamond_boots":4,"minecraft:netherite_scrap":18,"minecraft:dark_oak_planks":232,"minecraft:minecart":1,"minecraft:cooked_beef":7,"minecraft:crimson_planks":20,"minecraft:diamond_sword":1,"minecraft:powered_rail":6,"minecraft:deepslate_brick_slab":174,"minecraft:iron_sword":1,"minecraft:stone_axe":37,"minecraft:enchanted_book":19,"minecraft:air":0,"minecraft:jungle_planks":516,"minecraft:oak_boat":1,"minecraft:wooden_axe":1,"minecraft:iron_shovel":7,"minecraft:iron_leggings":1,"minecraft:white_bed":3,"minecraft:torch":64,"minecraft:diamond_chestplate":3},"minecraft:broken":{"minecraft:iron_shovel":1,"minecraft:golden_pickaxe":1}},"DataVersion":3953}