{"stats":{"minecraft:crafted":{"minecraft:smooth_stone":9,"minecraft:bookshelf":8,"minecraft:cooked_mutton":5,"minecraft:deepslate_brick_stairs":4,"minecraft:mace":1,"minecraft:emerald":98,"minecraft:diamond_axe":1,"minecraft:copper_door":3,"minecraft:smithing_table":1,"minecraft:copper_ingot":11,"minecraft:fletching_table":1,"minecraft:lectern":2,"minecraft:iron_pickaxe":2,"minecraft:gold_ingot":24,"minecraft:sandstone":413,"minecraft:netherite_ingot":1,"minecraft:golden_carrot":113,"minecraft:wind_charge":304,"minecraft:bone_meal":87,"minecraft:white_carpet":6,"minecraft:cherry_stairs":4,"minecraft:stone_pickaxe":1,"minecraft:diamond_boots":2,"minecraft:spruce_boat":1,"minecraft:dark_oak_planks":124,"minecraft:dark_oak_button":1,"minecraft:enchanted_book":19,"minecraft:jungle_slab":174,"minecraft:oak_fence_gate":4,"minecraft:copper_bulb":4,"minecraft:iron_shovel":1,"minecraft:iron_leggings":1,"minecraft:white_bed":3,"minecraft:oak_planks":340,"minecraft:cobblestone_slab":24,"minecraft:cherry_slab":6,"minecraft:cherry_boat":3,"minecraft:stone":6,"minecraft:dark_oak_door":3,"minecraft:hopper":26,"minecraft:bow":1,"minecraft:iron_boots":1,"minecraft:chest":30,"minecraft:copper_block":3,"minecraft:netherite_upgrade_smithing_template":2,"minecraft:oak_fence":6,"minecraft:smoker":2,"minecraft:oak_slab":12,"minecraft:arrow":80,"minecraft:crafting_table":5,"minecraft:spruce_planks":52,"minecraft:iron_helmet":1,"minecraft:cherry_button":1,"minecraft:iron_chestplate":1,"minecraft:charcoal":8,"minecraft:shield":2,"minecraft:stick":624,"minecraft:iron_ingot":84,"minecraft:stone_sword":1,"minecraft:redstone_torch":7,"minecraft:cherry_planks":16,"minecraft:furnace":9,"minecraft:blast_furnace":4,"minecraft:jungle_trapdoor":64,"minecraft:iron_axe":1,"minecraft:netherite_scrap":2,"minecraft:minecart":3,"minecraft:diamond_sword":1,"minecraft:dark_oak_stairs":24,"minecraft:iron_sword":1,"minecraft:smooth_sandstone":1,"minecraft:bucket":5,"minecraft:air":0,"minecraft:jungle_planks":732,"minecraft:white_wool":2,"minecraft:gold_nugget":1125,"minecraft:torch":304},"minecraft:broken":{"minecraft:iron_pickaxe":2,"minecraft:iron_shovel":4},"minecraft:mined":{"minecraft:dark_oak_planks":4,"minecraft:white_bed":42,"minecraft:cherry_log":4,"minecraft:obsidian":3,"minecraft:granite":21,"minecraft:red_sand":3,"minecraft:deepslate_bricks":464,"minecraft:chiseled_tuff_bricks":1,"minecraft:hopper":28,"minecraft:crimson_fungus":3,"minecraft:oxeye_daisy":2,"minecraft:spawner":2,"minecraft:polished_blackstone_bricks":31,"minecraft:magma_block":1,"minecraft:cobbled_deepslate":40,"minecraft:fire":24,"minecraft:fletching_table":9,"minecraft:deepslate_lapis_ore":25,"minecraft:water_cauldron":4,"minecraft:dirt_path":17,"minecraft:deepslate_brick_stairs":12,"minecraft:tripwire":1,"minecraft:jungle_trapdoor":4,"minecraft:kelp_plant":1,"minecraft:smoker":9,"minecraft:crimson_nylium":19,"minecraft:torch":50,"minecraft:blast_furnace":8,"minecraft:dead_bush":2,"minecraft:glass":71,"minecraft:sugar_cane":111,"minecraft:damaged_anvil":3,"minecraft:cherry_slab":6,"minecraft:waxed_copper_bulb":4,"minecraft:repeater":7,"minecraft:waxed_copper_block":5,"minecraft:oak_fence_gate":10,"minecraft:dark_oak_sapling":1,"minecraft:deepslate":713,"minecraft:dark_oak_log":42,"minecraft:nether_bricks":18,"minecraft:crimson_roots":8,"minecraft:redstone_wire":2,"minecraft:red_mushroom":4,"minecraft:waxed_copper_grate":10,"minecraft:andesite":2,"minecraft:chiseled_tuff":1,"minecraft:potatoes":15,"minecraft:cobblestone_slab":11,"minecraft:rail":256,"minecraft:white_wool":4,"minecraft:smithing_table":3,"minecraft:oak_slab":17,"minecraft:cherry_planks":55,"minecraft:copper_door":5,"minecraft:dandelion":3,"minecraft:smooth_sandstone":461,"minecraft:cornflower":1,"minecraft:short_grass":228,"minecraft:tall_grass":34,"minecraft:copper_ore":55,"minecraft:deepslate_gold_ore":33,"minecraft:diorite":4,"minecraft:cobblestone_wall":1,"minecraft:spruce_log":30,"minecraft:sunflower":14,"minecraft:gravel":9,"minecraft:dripstone_block":18,"minecraft:cobweb":22,"minecraft:oak_button":8,"minecraft:waxed_cut_copper_slab":1,"minecraft:spruce_planks":5,"minecraft:oak_sapling":1,"minecraft:jungle_slab":111,"minecraft:grass_block":778,"minecraft:cracked_polished_blackstone_bricks":21,"minecraft:frosted_ice":2,"minecraft:tuff_bricks":5,"minecraft:glowstone":4,"minecraft:sculk_catalyst":1,"minecraft:iron_ore":126,"minecraft:polished_tuff":1,"minecraft:anvil":1,"minecraft:azure_bluet":1,"minecraft:dark_oak_stairs":4,"minecraft:pointed_dripstone":12,"minecraft:waxed_cut_copper":1,"minecraft:deepslate_redstone_ore":19,"minecraft:copper_bulb":4,"minecraft:jungle_door":5,"minecraft:blackstone":4,"minecraft:poppy":1,"minecraft:chest":35,"minecraft:nether_quartz_ore":45,"minecraft:cobblestone":89,"minecraft:grindstone":4,"minecraft:oak_planks":4,"minecraft:wall_torch":17,"minecraft:deepslate_copper_ore":1,"minecraft:pink_petals":5,"minecraft:powered_rail":14,"minecraft:dark_oak_door":1,"minecraft:nether_wart_block":27,"minecraft:oak_log":25,"minecraft:waxed_oxidized_copper":1,"minecraft:sand":2234,"minecraft:dirt":619,"minecraft:dispenser":7,"minecraft:netherrack":4006,"minecraft:ancient_debris":2,"minecraft:oak_leaves":6,"minecraft:nether_gold_ore":7,"minecraft:tuff":79,"minecraft:dark_oak_leaves":2,"minecraft:deepslate_diamond_ore":35,"minecraft:oak_door":1,"minecraft:ladder":1,"minecraft:glow_lichen":2,"minecraft:lever":1,"minecraft:decorated_pot":3,"minecraft:heavy_core":1,"minecraft:spruce_leaves":25,"minecraft:sandstone":24,"minecraft:crimson_stem":19,"minecraft:deepslate_brick_slab":4,"minecraft:spruce_sapling":1,"minecraft:furnace":9,"minecraft:carrots":27,"minecraft:gold_block":1,"minecraft:bell":2,"minecraft:bookshelf":6,"minecraft:deepslate_iron_ore":98,"minecraft:packed_ice":7,"minecraft:stone":1154,"minecraft:cherry_stairs":3,"minecraft:scaffolding":11,"minecraft:stripped_dark_oak_log":1,"minecraft:basalt":3,"minecraft:crafting_table":21,"minecraft:blackstone_slab":1,"minecraft:lectern":115,"minecraft:waxed_oxidized_copper_grate":4,"minecraft:redstone_torch":11,"minecraft:yellow_bed":14,"minecraft:coal_ore":169},"minecraft:dropped":{"minecraft:ominous_bottle":1,"minecraft:cooked_beef":12,"minecraft:glass_bottle":6,"minecraft:diamond":79,"minecraft:crafting_table":1,"minecraft:fletching_table":1,"minecraft:rail":259,"minecraft:red_mushroom":3,"minecraft:emerald":248,"minecraft:dirt":47,"minecraft:scrape_pottery_sherd":2,"minecraft:gold_nugget":30,"minecraft:sunflower":4,"minecraft:copper_bulb":1,"minecraft:white_wool":1,"minecraft:bone":281,"minecraft:waxed_cut_copper_slab":1,"minecraft:cherry_boat":1,"minecraft:sugar_cane":1154,"minecraft:iron_nugget":3,"minecraft:golden_chestplate":2,"minecraft:cobbled_deepslate":104,"minecraft:rotten_flesh":198,"minecraft:oak_planks":8,"minecraft:jungle_trapdoor":64,"minecraft:waxed_copper_block":2,"minecraft:wind_charge":30,"minecraft:tipped_arrow":205,"minecraft:jungle_log":10,"minecraft:leather_boots":1,"minecraft:leather_leggings":1,"minecraft:breeze_rod":9,"minecraft:lectern":1,"minecraft:enchanted_book":13,"minecraft:golden_boots":3,"minecraft:iron_ingot":4,"minecraft:netherite_pickaxe":3,"minecraft:wheat_seeds":25,"minecraft:dripstone_block":33,"minecraft:feather":4,"minecraft:cobblestone":100,"minecraft:granite":7,"minecraft:coal":73,"minecraft:gray_wool":1,"minecraft:golden_carrot":19,"minecraft:wooden_hoe":1,"minecraft:rabbit":4,"minecraft:cherry_planks":115,"minecraft:diamond_helmet":2,"minecraft:string":170,"minecraft:spruce_sapling":8,"minecraft:stone_sword":1,"minecraft:vault":1,"minecraft:chicken":9,"minecraft:damaged_anvil":2,"minecraft:diamond_sword":4,"minecraft:potato":4,"minecraft:spruce_planks":23,"minecraft:diamond_pickaxe":1,"minecraft:yellow_bed":1,"minecraft:redstone_torch":8,"minecraft:spider_eye":51,"minecraft:sandstone":24,"minecraft:bow":14,"minecraft:red_sand":2,"minecraft:diamond_axe":4,"minecraft:baked_potato":67,"minecraft:golden_pickaxe":1,"minecraft:netherite_upgrade_smithing_template":1,"minecraft:jungle_planks":7,"minecraft:flint":1,"minecraft:cracked_polished_blackstone_bricks":1,"minecraft:mace":3,"minecraft:mutton":2,"minecraft:crimson_roots":2,"minecraft:polished_blackstone_bricks":2,"minecraft:gold_ingot":1,"minecraft:pointed_dripstone":33,"minecraft:diamond_shovel":2,"minecraft:cooked_mutton":5,"minecraft:honey_bottle":12,"minecraft:carrot":746,"minecraft:poppy":2,"minecraft:rabbit_hide":2,"minecraft:gunpowder":10,"minecraft:chest":1,"minecraft:basalt":1,"minecraft:arrow":432,"minecraft:powered_rail":8,"minecraft:scaffolding":64,"minecraft:quartz":37,"minecraft:netherrack":619,"minecraft:water_bucket":3,"minecraft:bread":9,"minecraft:waxed_oxidized_copper_door":1,"minecraft:golden_helmet":1,"minecraft:cherry_log":47,"minecraft:minecart":11,"minecraft:diamond_leggings":1,"minecraft:golden_axe":1,"minecraft:lead":1,"minecraft:ominous_trial_key":9,"minecraft:grass_block":2,"minecraft:stick":7,"minecraft:nether_gold_ore":3,"minecraft:brown_wool":2,"minecraft:jungle_door":8,"minecraft:waxed_oxidized_copper":1,"minecraft:iron_leggings":1,"minecraft:iron_axe":1,"minecraft:pink_petals":1,"minecraft:kelp":1,"minecraft:raw_copper":5,"minecraft:tuff":43,"minecraft:shield":4,"minecraft:trial_key":11,"minecraft:oak_button":7,"minecraft:diamond_chestplate":2,"minecraft:andesite":2,"minecraft:golden_leggings":5,"minecraft:oak_sapling":1,"minecraft:golden_sword":2,"minecraft:diamond_boots":8,"minecraft:spruce_log":5,"minecraft:stone_pickaxe":1,"minecraft:nether_quartz_ore":5,"minecraft:magma_cream":6,"minecraft:brick":14},"minecraft:custom":{"minecraft:interact_with_crafting_table":123,"minecraft:open_barrel":2,"minecraft:bell_ring":40,"minecraft:leave_game":25,"minecraft:time_since_death":129671,"minecraft:damage_blocked_by_shield":1154,"minecraft:play_time":1464426,"minecraft:deaths":4,"minecraft:jump":18965,"minecraft:interact_with_furnace":129,"minecraft:traded_with_villager":134,"minecraft:sleep_in_bed":76,"minecraft:damage_dealt":88086,"minecraft:interact_with_smoker":38,"minecraft:inspect_dispenser":34,"minecraft:interact_with_smithing_table":3,"minecraft:interact_with_anvil":42,"minecraft:inspect_hopper":170,"minecraft:sneak_time":92173,"minecraft:interact_with_blast_furnace":63,"minecraft:total_world_time":1464426,"minecraft:interact_with_stonecutter":4,"minecraft:time_since_rest":12841,"minecraft:swim_one_cm":217128,"minecraft:fly_one_cm":4962468,"minecraft:open_chest":1223,"minecraft:fall_one_cm":558927,"minecraft:sprint_one_cm":3152579,"minecraft:drop":543,"minecraft:talked_to_villager":291,"minecraft:walk_on_water_one_cm":138562,"minecraft:crouch_one_cm":314995,"minecraft:mob_kills":621,"minecraft:climb_one_cm":29194,"minecraft:walk_one_cm":3421602,"minecraft:walk_under_water_one_cm":203676,"minecraft:boat_one_cm":507349,"minecraft:interact_with_grindstone":3,"minecraft:damage_taken":14105,"minecraft:damage_absorbed":714,"minecraft:minecart_one_cm":58184},"minecraft:killed":{"minecraft:cave_spider":33,"minecraft:skeleton":48,"minecraft:chicken":4,"minecraft:magma_cube":2,"minecraft:iron_golem":2,"minecraft:pillager":4,"minecraft:zombie":95,"minecraft:husk":115,"minecraft:rabbit":1,"minecraft:wandering_trader":1,"minecraft:breeze":24,"minecraft:enderman":3,"minecraft:spider":11,"minecraft:piglin_brute":9,"minecraft:piglin":18,"minecraft:zombie_villager":2,"minecraft:creeper":50,"minecraft:sheep":19,"minecraft:trader_llama":3,"minecraft:stray":151,"minecraft:ghast":3,"minecraft:blaze":6,"minecraft:armadillo":2,"minecraft:hoglin":3,"minecraft:wither_skeleton":4},"minecraft:picked_up":{"minecraft:iron_chestplate":1,"minecraft:anvil":1,"minecraft:diamond_sword":7,"minecraft:lead":6,"minecraft:smithing_table":3,"minecraft:enchanted_book":6,"minecraft:golden_sword":4,"minecraft:string":205,"minecraft:cherry_boat":22,"minecraft:diamond_leggings":4,"minecraft:gold_nugget":54,"minecraft:cobbled_deepslate":673,"minecraft:spruce_planks":22,"minecraft:trial_key":9,"minecraft:netherite_upgrade_smithing_template":3,"minecraft:enchanted_golden_apple":2,"minecraft:dark_oak_door":4,"minecraft:golden_helmet":1,"minecraft:cherry_log":63,"minecraft:waxed_copper_grate":9,"minecraft:golden_chestplate":1,"minecraft:cauldron":8,"minecraft:honey_bottle":15,"minecraft:waxed_cut_copper":1,"minecraft:blaze_rod":9,"minecraft:feather":8,"minecraft:cooked_beef":24,"minecraft:water_bucket":9,"minecraft:jungle_log":13,"minecraft:brown_wool":2,"minecraft:smoker":14,"minecraft:flint":5,"minecraft:rabbit":4,"minecraft:diamond_helmet":6,"minecraft:glowstone_dust":14,"minecraft:dark_oak_log":42,"minecraft:dispenser":7,"minecraft:lever":4,"minecraft:granite":15,"minecraft:bread":93,"minecraft:cherry_slab":7,"minecraft:ominous_trial_key":26,"minecraft:crimson_roots":5,"minecraft:diamond_pickaxe":2,"minecraft:spruce_leaves":2,"minecraft:crafting_table":26,"minecraft:ominous_bottle":4,"minecraft:leather_leggings":3,"minecraft:music_disc_creator":1,"minecraft:wind_charge":39,"minecraft:cornflower":3,"minecraft:jungle_trapdoor":2,"minecraft:netherite_scrap":3,"minecraft:iron_shovel":5,"minecraft:chiseled_tuff":1,"minecraft:jungle_sapling":2,"minecraft:iron_nugget":6,"minecraft:poppy":5,"minecraft:minecart":44,"minecraft:chest":44,"minecraft:diamond_hoe":1,"minecraft:waxed_oxidized_copper":3,"minecraft:egg":36,"minecraft:sandstone":1860,"minecraft:stone":61,"minecraft:oak_door":1,"minecraft:copper_bulb":5,"minecraft:mace":4,"minecraft:carrot":465,"minecraft:redstone":113,"minecraft:netherite_pickaxe":3,"minecraft:diamond_chestplate":6,"minecraft:deepslate_bricks":477,"minecraft:diamond_boots":9,"minecraft:flow_armor_trim_smithing_template":1,"minecraft:gold_ingot":3,"minecraft:tuff_bricks":6,"minecraft:mutton":48,"minecraft:rail":445,"minecraft:bone_block":2,"minecraft:white_wool":22,"minecraft:oxeye_daisy":4,"minecraft:red_mushroom":4,"minecraft:oak_log":25,"minecraft:ancient_debris":5,"minecraft:golden_boots":5,"minecraft:white_banner":1,"minecraft:kelp":1,"minecraft:oak_fence_gate":10,"minecraft:glass_bottle":2,"minecraft:iron_sword":3,"minecraft:dark_oak_stairs":5,"minecraft:gravel":10,"minecraft:spruce_sapling":7,"minecraft:spruce_log":30,"minecraft:diamond_shovel":2,"minecraft:diamond_axe":5,"minecraft:gray_wool":1,"minecraft:oak_button":7,"minecraft:baked_potato":31,"minecraft:stripped_dark_oak_log":1,"minecraft:hopper":29,"minecraft:ender_pearl":14,"minecraft:potion":11,"minecraft:waxed_cut_copper_slab":2,"minecraft:raw_copper":334,"minecraft:iron_leggings":2,"minecraft:red_sand":2,"minecraft:smooth_stone":3,"minecraft:bucket":4,"minecraft:waxed_oxidized_copper_door":1,"minecraft:redstone_torch":21,"minecraft:cobblestone_slab":8,"minecraft:iron_pickaxe":3,"minecraft:furnace":11,"minecraft:iron_boots":1,"minecraft:tipped_arrow":193,"minecraft:stick":536,"minecraft:jungle_door":13,"minecraft:oak_fence":2,"minecraft:torch":175,"minecraft:porkchop":10,"minecraft:pointed_dripstone":43,"minecraft:diorite":2,"minecraft:copper_door":6,"minecraft:nether_gold_ore":3,"minecraft:rotten_flesh":397,"minecraft:deepslate_brick_stairs":11,"minecraft:obsidian":4,"minecraft:cobblestone":1877,"minecraft:pink_petals":6,"minecraft:magma_cream":12,"minecraft:repeater":7,"minecraft:cherry_planks":227,"minecraft:andesite":3,"minecraft:golden_leggings":6,"minecraft:potato":48,"minecraft:tuff":118,"minecraft:lapis_lazuli":260,"minecraft:dirt":921,"minecraft:leather_boots":3,"minecraft:glass":67,"minecraft:bone":421,"minecraft:bow":14,"minecraft:wheat_seeds":39,"minecraft:deepslate_brick_slab":5,"minecraft:crimson_fence_gate":1,"minecraft:raw_gold":65,"minecraft:bell":2,"minecraft:grindstone":4,"minecraft:fletching_table":9,"minecraft:powered_rail":17,"minecraft:scrape_pottery_sherd":2,"minecraft:oak_planks":32,"minecraft:ghast_tear":1,"minecraft:poisonous_potato":4,"minecraft:jungle_planks":102,"minecraft:sand":2472,"minecraft:grass_block":434,"minecraft:jungle_slab":114,"minecraft:spectral_arrow":16,"minecraft:diamond":149,"minecraft:waxed_oxidized_copper_grate":4,"minecraft:cracked_polished_blackstone_bricks":17,"minecraft:crossbow":3,"minecraft:breeze_rod":140,"minecraft:golden_apple":3,"minecraft:emerald":82,"minecraft:oak_sapling":4,"minecraft:netherrack":4184,"minecraft:charcoal":9,"minecraft:azure_bluet":2,"minecraft:chicken":10,"minecraft:ladder":1,"minecraft:brick":15,"minecraft:shield":4,"minecraft:iron_axe":3,"minecraft:blackstone":3,"minecraft:lectern":114,"minecraft:sugar_cane":399,"minecraft:phantom_membrane":2,"minecraft:dark_oak_sapling":5,"minecraft:raw_iron":410,"minecraft:cherry_stairs":4,"minecraft:copper_ingot":5,"minecraft:polished_blackstone_bricks":21,"minecraft:dark_oak_planks":33,"minecraft:arrow":475,"minecraft:golden_hoe":3,"minecraft:nether_bricks":18,"minecraft:jungle_boat":4,"minecraft:basalt":7,"minecraft:golden_carrot":16,"minecraft:crimson_stem":21,"minecraft:leather":7,"minecraft:crimson_fungus":3,"minecraft:waxed_copper_bulb":4,"minecraft:waxed_copper_block":4,"minecraft:nether_wart_block":22,"minecraft:yellow_bed":13,"minecraft:gunpowder":49,"minecraft:wooden_hoe":1,"minecraft:cooked_mutton":39,"minecraft:smooth_sandstone":1942,"minecraft:rabbit_hide":2,"minecraft:iron_ingot":129,"minecraft:cooked_chicken":3,"minecraft:book":19,"minecraft:scaffolding":25,"minecraft:oak_slab":16,"minecraft:nether_quartz_ore":5,"minecraft:birch_boat":1,"minecraft:dripstone_block":49,"minecraft:heavy_core":1,"minecraft:quartz":57,"minecraft:dandelion":4,"minecraft:lava_bucket":4,"minecraft:blast_furnace":7,"minecraft:white_bed":43,"minecraft:spider_eye":57,"minecraft:iron_helmet":1,"minecraft:cherry_sapling":2,"minecraft:damaged_anvil":2,"minecraft:coal":488,"minecraft:sunflower":21},"minecraft:killed_by":{"minecraft:warden":1,"minecraft:player":2},"minecraft:used":{"minecraft:tuff_bricks":6,"minecraft:heavy_core":1,"minecraft:dispenser":15,"minecraft:poppy":1,"minecraft:chest":78,"minecraft:rotten_flesh":2,"minecraft:skeleton_spawn_egg":7,"minecraft:jungle_slab":317,"minecraft:deepslate_brick_slab":94,"minecraft:spruce_boat":1,"minecraft:jungle_sapling":1,"minecraft:lava_bucket":13,"minecraft:grass_block":1157,"minecraft:cherry_button":1,"minecraft:cherry_leaves":9,"minecraft:dark_oak_button":1,"minecraft:bow":90,"minecraft:ominous_bottle":1,"minecraft:furnace":13,"minecraft:oak_sapling":3,"minecraft:egg":28,"minecraft:potato":357,"minecraft:diorite":2,"minecraft:damaged_anvil":2,"minecraft:copper_door":6,"minecraft:powered_rail":21,"minecraft:blackstone":3,"minecraft:jungle_boat":4,"minecraft:golden_apple":18,"minecraft:blast_furnace":10,"minecraft:deepslate_brick_stairs":27,"minecraft:lectern":120,"minecraft:nether_wart_block":8,"minecraft:diamond_sword":1074,"minecraft:smithing_table":4,"minecraft:stone_sword":26,"minecraft:trial_key":7,"minecraft:netherrack":2293,"minecraft:torch":677,"minecraft:anvil":7,"minecraft:ancient_debris":1,"minecraft:jungle_trapdoor":133,"minecraft:oak_fence_gate":14,"minecraft:iron_axe":105,"minecraft:cherry_slab":11,"minecraft:spawner":25,"minecraft:barrel":2,"minecraft:diamond_chestplate":2,"minecraft:cobbled_deepslate":95,"minecraft:water_bucket":104,"minecraft:smooth_sandstone_slab":1,"minecraft:cherry_planks":71,"minecraft:fletching_table":9,"minecraft:deepslate_bricks":635,"minecraft:polished_blackstone_bricks":7,"minecraft:diamond_block":2,"minecraft:rail":336,"minecraft:oak_slab":29,"minecraft:crafting_table":28,"minecraft:white_bed":48,"minecraft:diamond_pickaxe":5496,"minecraft:ominous_trial_key":5,"minecraft:diamond_shovel":2453,"minecraft:wind_charge":289,"minecraft:iron_pickaxe":609,"minecraft:spruce_sapling":2,"minecraft:copper_bulb":5,"minecraft:cobblestone":279,"minecraft:potion":4,"minecraft:porkchop":6,"minecraft:cooked_porkchop":1,"minecraft:kelp":1,"minecraft:diamond_leggings":2,"minecraft:cherry_sapling":2,"minecraft:iron_shovel":1103,"minecraft:bone_block":2,"minecraft:diamond_hoe":212,"minecraft:shield":22,"minecraft:iron_sword":60,"minecraft:zombie_spawn_egg":6,"minecraft:bell":2,"minecraft:smooth_sandstone_stairs":13,"minecraft:iron_chestplate":1,"minecraft:jungle_planks":1,"minecraft:carrot":450,"minecraft:tuff":17,"minecraft:obsidian":17,"minecraft:glass":131,"minecraft:waxed_oxidized_copper":1,"minecraft:waxed_oxidized_copper_grate":4,"minecraft:lantern":5,"minecraft:repeater":17,"minecraft:vault":3,"minecraft:scaffolding":112,"minecraft:dark_oak_sapling":9,"minecraft:dark_oak_stairs":9,"minecraft:diamond_boots":5,"minecraft:stone_pickaxe":14,"minecraft:ender_pearl":15,"minecraft:sandstone":2,"minecraft:sugar_cane":73,"minecraft:diamond_axe":501,"minecraft:white_wool":1,"minecraft:golden_hoe":8,"minecraft:crossbow":3,"minecraft:creeper_spawn_egg":4,"minecraft:redstone_torch":16,"minecraft:lever":4,"minecraft:mace":31,"minecraft:dark_oak_log":15,"minecraft:bread":55,"minecraft:string":1,"minecraft:gravel":1,"minecraft:grindstone":4,"minecraft:bone_meal":10,"minecraft:waxed_copper_bulb":4,"minecraft:oak_fence":6,"minecraft:cherry_boat":21,"minecraft:flint_and_steel":1,"minecraft:redstone":72,"minecraft:spruce_planks":571,"minecraft:stone_hoe":1,"minecraft:cooked_chicken":1,"minecraft:oak_door":1,"minecraft:dirt":684,"minecraft:white_carpet":4,"minecraft:hopper":53,"minecraft:spruce_stairs":68,"minecraft:diamond_helmet":3,"minecraft:spruce_fence":4,"minecraft:granite":8,"minecraft:dark_oak_planks":40,"minecraft:bookshelf":6,"minecraft:smooth_sandstone":3410,"minecraft:golden_carrot":103,"minecraft:waxed_cut_copper_slab":1,"minecraft:minecart":33,"minecraft:netherite_pickaxe":2237,"minecraft:cooked_beef":3,"minecraft:cooked_mutton":39,"minecraft:baked_potato":51,"minecraft:iron_golem_spawn_egg":3,"minecraft:stonecutter":1,"minecraft:cobblestone_slab":15,"minecraft:waxed_copper_block":3,"minecraft:red_mushroom":1,"minecraft:painting":8,"minecraft:smoker":9,"minecraft:dark_oak_door":1,"minecraft:wooden_hoe":1,"minecraft:cracked_polished_blackstone_bricks":7,"minecraft:jungle_stairs":11,"minecraft:pink_petals":5,"minecraft:crimson_fungus":2,"minecraft:cherry_stairs":6,"minecraft:white_banner":1,"minecraft:jungle_door":4,"minecraft:bucket":138,"minecraft:yellow_bed":12,"minecraft:splash_potion":1}},"DataVersion":3953}