{"stats":{"minecraft:broken":{"minecraft:iron_shovel":4,"minecraft:iron_pickaxe":2},"minecraft:mined":{"minecraft:spruce_planks":5,"minecraft:white_bed":41,"minecraft:oak_sapling":1,"minecraft:jungle_slab":109,"minecraft:cherry_log":4,"minecraft:obsidian":3,"minecraft:granite":21,"minecraft:red_sand":3,"minecraft:grass_block":766,"minecraft:cracked_polished_blackstone_bricks":9,"minecraft:deepslate_bricks":2,"minecraft:crimson_fungus":3,"minecraft:hopper":23,"minecraft:oxeye_daisy":2,"minecraft:spawner":1,"minecraft:polished_blackstone_bricks":11,"minecraft:magma_block":1,"minecraft:sculk_catalyst":1,"minecraft:glowstone":4,"minecraft:iron_ore":126,"minecraft:cobbled_deepslate":24,"minecraft:fire":19,"minecraft:deepslate_lapis_ore":19,"minecraft:fletching_table":8,"minecraft:azure_bluet":1,"minecraft:dark_oak_stairs":4,"minecraft:pointed_dripstone":12,"minecraft:water_cauldron":4,"minecraft:dirt_path":17,"minecraft:deepslate_brick_stairs":11,"minecraft:tripwire":1,"minecraft:jungle_trapdoor":3,"minecraft:deepslate_redstone_ore":19,"minecraft:jungle_door":5,"minecraft:blackstone":4,"minecraft:smoker":5,"minecraft:crimson_nylium":18,"minecraft:torch":49,"minecraft:blast_furnace":7,"minecraft:poppy":1,"minecraft:chest":26,"minecraft:dead_bush":2,"minecraft:glass":4,"minecraft:nether_quartz_ore":36,"minecraft:cobblestone":54,"minecraft:damaged_anvil":3,"minecraft:oak_planks":4,"minecraft:sugar_cane":109,"minecraft:grindstone":4,"minecraft:wall_torch":12,"minecraft:cherry_slab":6,"minecraft:deepslate_copper_ore":1,"minecraft:pink_petals":5,"minecraft:repeater":7,"minecraft:powered_rail":14,"minecraft:dark_oak_door":1,"minecraft:nether_wart_block":10,"minecraft:oak_log":25,"minecraft:oak_fence_gate":4,"minecraft:sand":1552,"minecraft:dirt":619,"minecraft:ancient_debris":1,"minecraft:dispenser":7,"minecraft:netherrack":3059,"minecraft:oak_leaves":6,"minecraft:deepslate":197,"minecraft:nether_gold_ore":7,"minecraft:tuff":5,"minecraft:deepslate_diamond_ore":32,"minecraft:oak_door":1,"minecraft:nether_bricks":18,"minecraft:glow_lichen":2,"minecraft:lever":1,"minecraft:ladder":1,"minecraft:crimson_roots":6,"minecraft:redstone_wire":2,"minecraft:red_mushroom":1,"minecraft:spruce_leaves":25,"minecraft:sandstone":24,"minecraft:crimson_stem":18,"minecraft:spruce_sapling":1,"minecraft:furnace":7,"minecraft:carrots":25,"minecraft:andesite":2,"minecraft:gold_block":1,"minecraft:bell":1,"minecraft:bookshelf":1,"minecraft:potatoes":15,"minecraft:deepslate_iron_ore":77,"minecraft:rail":204,"minecraft:packed_ice":7,"minecraft:stone":253,"minecraft:cherry_stairs":3,"minecraft:white_wool":4,"minecraft:smithing_table":2,"minecraft:oak_slab":17,"minecraft:cherry_planks":54,"minecraft:dandelion":3,"minecraft:basalt":3,"minecraft:copper_door":4,"minecraft:smooth_sandstone":409,"minecraft:crafting_table":21,"minecraft:cornflower":1,"minecraft:short_grass":200,"minecraft:blackstone_slab":1,"minecraft:lectern":8,"minecraft:copper_ore":31,"minecraft:tall_grass":32,"minecraft:deepslate_gold_ore":33,"minecraft:diorite":4,"minecraft:cobblestone_wall":1,"minecraft:redstone_torch":11,"minecraft:spruce_log":13,"minecraft:yellow_bed":14,"minecraft:coal_ore":115,"minecraft:sunflower":14,"minecraft:gravel":5,"minecraft:dripstone_block":16,"minecraft:cobweb":3},"minecraft:killed_by":{"minecraft:player":1,"minecraft:warden":1},"minecraft:custom":{"minecraft:interact_with_crafting_table":96,"minecraft:bell_ring":35,"minecraft:leave_game":19,"minecraft:time_since_death":533202,"minecraft:sprint_one_cm":1922789,"minecraft:damage_blocked_by_shield":1154,"minecraft:drop":286,"minecraft:talked_to_villager":71,"minecraft:play_time":980139,"minecraft:deaths":3,"minecraft:jump":13068,"minecraft:walk_on_water_one_cm":111303,"minecraft:interact_with_furnace":111,"minecraft:traded_with_villager":53,"minecraft:sleep_in_bed":58,"minecraft:damage_dealt":22467,"minecraft:crouch_one_cm":170532,"minecraft:interact_with_smoker":12,"minecraft:inspect_dispenser":33,"minecraft:interact_with_anvil":19,"minecraft:mob_kills":147,"minecraft:inspect_hopper":97,"minecraft:climb_one_cm":784,"minecraft:walk_one_cm":2336906,"minecraft:sneak_time":53515,"minecraft:walk_under_water_one_cm":106930,"minecraft:boat_one_cm":435378,"minecraft:interact_with_blast_furnace":60,"minecraft:total_world_time":980139,"minecraft:interact_with_grindstone":2,"minecraft:time_since_rest":40133,"minecraft:damage_taken":6896,"minecraft:minecart_one_cm":42790,"minecraft:swim_one_cm":203484,"minecraft:fly_one_cm":3347189,"minecraft:open_chest":834,"minecraft:fall_one_cm":321126},"minecraft:used":{"minecraft:cherry_sapling":2,"minecraft:iron_shovel":1103,"minecraft:dispenser":15,"minecraft:poppy":1,"minecraft:diamond_hoe":212,"minecraft:shield":22,"minecraft:chest":52,"minecraft:iron_sword":60,"minecraft:bell":1,"minecraft:smooth_sandstone_stairs":11,"minecraft:rotten_flesh":2,"minecraft:iron_chestplate":1,"minecraft:jungle_planks":1,"minecraft:carrot":251,"minecraft:jungle_slab":315,"minecraft:tuff":1,"minecraft:obsidian":17,"minecraft:glass":25,"minecraft:lava_bucket":13,"minecraft:grass_block":1151,"minecraft:cherry_leaves":9,"minecraft:cherry_button":1,"minecraft:repeater":17,"minecraft:bow":88,"minecraft:oak_sapling":3,"minecraft:furnace":9,"minecraft:egg":27,"minecraft:potato":161,"minecraft:damaged_anvil":2,"minecraft:diorite":2,"minecraft:diamond_boots":3,"minecraft:dark_oak_stairs":5,"minecraft:copper_door":6,"minecraft:stone_pickaxe":14,"minecraft:powered_rail":21,"minecraft:blackstone":3,"minecraft:ender_pearl":15,"minecraft:sandstone":2,"minecraft:sugar_cane":68,"minecraft:diamond_axe":292,"minecraft:jungle_boat":4,"minecraft:white_wool":1,"minecraft:golden_hoe":8,"minecraft:blast_furnace":9,"minecraft:crossbow":3,"minecraft:deepslate_brick_stairs":2,"minecraft:redstone_torch":16,"minecraft:lever":1,"minecraft:bread":53,"minecraft:string":1,"minecraft:lectern":8,"minecraft:gravel":1,"minecraft:diamond_sword":337,"minecraft:grindstone":4,"minecraft:smithing_table":2,"minecraft:oak_fence":6,"minecraft:cherry_boat":21,"minecraft:bone_meal":6,"minecraft:stone_sword":26,"minecraft:flint_and_steel":1,"minecraft:redstone":72,"minecraft:spruce_planks":48,"minecraft:netherrack":1867,"minecraft:oak_door":1,"minecraft:torch":638,"minecraft:dirt":684,"minecraft:anvil":2,"minecraft:white_carpet":4,"minecraft:hopper":41,"minecraft:diamond_helmet":2,"minecraft:jungle_trapdoor":68,"minecraft:granite":8,"minecraft:oak_fence_gate":8,"minecraft:dark_oak_planks":1,"minecraft:bookshelf":1,"minecraft:iron_axe":105,"minecraft:cherry_slab":11,"minecraft:smooth_sandstone":1414,"minecraft:barrel":2,"minecraft:diamond_chestplate":1,"minecraft:golden_carrot":60,"minecraft:minecart":24,"minecraft:cobbled_deepslate":80,"minecraft:cooked_mutton":39,"minecraft:water_bucket":80,"minecraft:cherry_planks":70,"minecraft:fletching_table":8,"minecraft:deepslate_bricks":10,"minecraft:polished_blackstone_bricks":7,"minecraft:diamond_block":2,"minecraft:rail":257,"minecraft:crafting_table":28,"minecraft:oak_slab":19,"minecraft:red_mushroom":1,"minecraft:white_bed":47,"minecraft:painting":8,"minecraft:dark_oak_door":1,"minecraft:smoker":5,"minecraft:diamond_pickaxe":4423,"minecraft:diamond_shovel":1696,"minecraft:cracked_polished_blackstone_bricks":7,"minecraft:iron_pickaxe":609,"minecraft:jungle_stairs":11,"minecraft:spruce_sapling":2,"minecraft:pink_petals":5,"minecraft:crimson_fungus":2,"minecraft:cherry_stairs":6,"minecraft:cobblestone":195,"minecraft:cooked_porkchop":1,"minecraft:jungle_door":4,"minecraft:bucket":111,"minecraft:yellow_bed":12,"minecraft:diamond_leggings":1},"minecraft:dropped":{"minecraft:diamond_axe":3,"minecraft:golden_pickaxe":1,"minecraft:diamond":5,"minecraft:crafting_table":1,"minecraft:netherite_upgrade_smithing_template":1,"minecraft:fletching_table":1,"minecraft:jungle_planks":4,"minecraft:rail":259,"minecraft:flint":1,"minecraft:emerald":246,"minecraft:cracked_polished_blackstone_bricks":1,"minecraft:dirt":47,"minecraft:mutton":2,"minecraft:crimson_roots":2,"minecraft:gold_nugget":30,"minecraft:sunflower":4,"minecraft:polished_blackstone_bricks":2,"minecraft:white_wool":1,"minecraft:gold_ingot":1,"minecraft:bone":7,"minecraft:cherry_boat":1,"minecraft:sugar_cane":1154,"minecraft:iron_nugget":3,"minecraft:golden_chestplate":2,"minecraft:cobbled_deepslate":104,"minecraft:pointed_dripstone":33,"minecraft:rotten_flesh":8,"minecraft:oak_planks":8,"minecraft:diamond_shovel":1,"minecraft:cooked_mutton":5,"minecraft:jungle_trapdoor":64,"minecraft:carrot":745,"minecraft:poppy":2,"minecraft:gunpowder":2,"minecraft:jungle_log":4,"minecraft:arrow":30,"minecraft:powered_rail":8,"minecraft:quartz":36,"minecraft:netherrack":489,"minecraft:enchanted_book":7,"minecraft:water_bucket":3,"minecraft:golden_boots":1,"minecraft:iron_ingot":3,"minecraft:bread":9,"minecraft:wheat_seeds":19,"minecraft:cherry_log":47,"minecraft:minecart":11,"minecraft:dripstone_block":31,"minecraft:diamond_leggings":1,"minecraft:golden_axe":1,"minecraft:cobblestone":70,"minecraft:granite":7,"minecraft:grass_block":2,"minecraft:coal":72,"minecraft:stick":4,"minecraft:gray_wool":1,"minecraft:nether_gold_ore":3,"minecraft:golden_carrot":18,"minecraft:brown_wool":2,"minecraft:cherry_planks":115,"minecraft:jungle_door":8,"minecraft:diamond_helmet":2,"minecraft:iron_leggings":1,"minecraft:iron_axe":1,"minecraft:string":15,"minecraft:pink_petals":1,"minecraft:spruce_sapling":4,"minecraft:stone_sword":1,"minecraft:raw_copper":5,"minecraft:tuff":1,"minecraft:chicken":3,"minecraft:damaged_anvil":2,"minecraft:diamond_sword":2,"minecraft:potato":2,"minecraft:shield":3,"minecraft:diamond_chestplate":1,"minecraft:spruce_planks":23,"minecraft:andesite":2,"minecraft:yellow_bed":1,"minecraft:golden_leggings":2,"minecraft:oak_sapling":1,"minecraft:golden_sword":2,"minecraft:redstone_torch":8,"minecraft:spider_eye":11,"minecraft:spruce_log":5,"minecraft:diamond_boots":8,"minecraft:sandstone":24,"minecraft:stone_pickaxe":1,"minecraft:red_sand":2,"minecraft:bow":3,"minecraft:nether_quartz_ore":5,"minecraft:magma_cream":6},"minecraft:crafted":{"minecraft:smooth_stone":9,"minecraft:oak_planks":340,"minecraft:cherry_slab":6,"minecraft:cherry_boat":3,"minecraft:stone":6,"minecraft:bookshelf":1,"minecraft:cooked_mutton":5,"minecraft:dark_oak_door":3,"minecraft:hopper":14,"minecraft:bow":1,"minecraft:iron_boots":1,"minecraft:chest":9,"minecraft:oak_fence":6,"minecraft:smoker":2,"minecraft:oak_slab":12,"minecraft:emerald":38,"minecraft:arrow":80,"minecraft:crafting_table":5,"minecraft:spruce_planks":52,"minecraft:iron_helmet":1,"minecraft:cherry_button":1,"minecraft:copper_door":3,"minecraft:copper_ingot":11,"minecraft:fletching_table":1,"minecraft:iron_chestplate":1,"minecraft:charcoal":8,"minecraft:shield":2,"minecraft:stick":624,"minecraft:iron_ingot":84,"minecraft:iron_pickaxe":2,"minecraft:stone_sword":1,"minecraft:gold_ingot":7,"minecraft:sandstone":413,"minecraft:redstone_torch":7,"minecraft:golden_carrot":64,"minecraft:cherry_planks":16,"minecraft:furnace":6,"minecraft:blast_furnace":4,"minecraft:jungle_trapdoor":64,"minecraft:bone_meal":36,"minecraft:white_carpet":6,"minecraft:iron_axe":1,"minecraft:cherry_stairs":4,"minecraft:stone_pickaxe":1,"minecraft:diamond_boots":2,"minecraft:minecart":3,"minecraft:diamond_sword":1,"minecraft:iron_sword":1,"minecraft:smooth_sandstone":1,"minecraft:bucket":5,"minecraft:enchanted_book":6,"minecraft:jungle_slab":156,"minecraft:jungle_planks":464,"minecraft:air":0,"minecraft:oak_fence_gate":4,"minecraft:white_wool":2,"minecraft:gold_nugget":576,"minecraft:iron_shovel":1,"minecraft:iron_leggings":1,"minecraft:white_bed":2,"minecraft:torch":304},"minecraft:picked_up":{"minecraft:iron_chestplate":1,"minecraft:smithing_table":2,"minecraft:lead":4,"minecraft:diamond_sword":4,"minecraft:enchanted_book":3,"minecraft:golden_sword":4,"minecraft:string":50,"minecraft:raw_copper":166,"minecraft:iron_leggings":2,"minecraft:cobbled_deepslate":233,"minecraft:cherry_boat":22,"minecraft:diamond_leggings":3,"minecraft:red_sand":2,"minecraft:gold_nugget":54,"minecraft:smooth_stone":3,"minecraft:bucket":4,"minecraft:spruce_planks":21,"minecraft:redstone_torch":21,"minecraft:netherite_upgrade_smithing_template":3,"minecraft:iron_pickaxe":3,"minecraft:furnace":9,"minecraft:iron_boots":1,"minecraft:dark_oak_door":4,"minecraft:stick":532,"minecraft:jungle_door":13,"minecraft:oak_fence":2,"minecraft:torch":165,"minecraft:porkchop":10,"minecraft:cherry_log":63,"minecraft:pointed_dripstone":43,"minecraft:diorite":2,"minecraft:copper_door":6,"minecraft:golden_chestplate":1,"minecraft:cauldron":8,"minecraft:nether_gold_ore":3,"minecraft:rotten_flesh":53,"minecraft:blaze_rod":9,"minecraft:deepslate_brick_stairs":10,"minecraft:obsidian":4,"minecraft:cobblestone":942,"minecraft:pink_petals":6,"minecraft:andesite":3,"minecraft:feather":4,"minecraft:magma_cream":12,"minecraft:repeater":7,"minecraft:cherry_planks":226,"minecraft:water_bucket":9,"minecraft:jungle_log":4,"minecraft:brown_wool":2,"minecraft:golden_leggings":3,"minecraft:smoker":5,"minecraft:potato":15,"minecraft:flint":1,"minecraft:tuff":2,"minecraft:lapis_lazuli":179,"minecraft:dirt":920,"minecraft:leather_boots":2,"minecraft:glass":4,"minecraft:bone":35,"minecraft:bow":2,"minecraft:wheat_seeds":33,"minecraft:raw_gold":65,"minecraft:bell":1,"minecraft:grindstone":4,"minecraft:fletching_table":8,"minecraft:diamond_helmet":5,"minecraft:glowstone_dust":14,"minecraft:powered_rail":17,"minecraft:oak_planks":32,"minecraft:poisonous_potato":4,"minecraft:sand":1654,"minecraft:jungle_planks":102,"minecraft:grass_block":433,"minecraft:jungle_slab":109,"minecraft:spectral_arrow":16,"minecraft:dispenser":7,"minecraft:diamond":57,"minecraft:lever":1,"minecraft:cracked_polished_blackstone_bricks":8,"minecraft:crossbow":3,"minecraft:granite":15,"minecraft:bread":91,"minecraft:oak_sapling":4,"minecraft:cherry_slab":7,"minecraft:netherrack":3409,"minecraft:diamond_pickaxe":1,"minecraft:crimson_roots":4,"minecraft:spruce_leaves":2,"minecraft:charcoal":9,"minecraft:crafting_table":26,"minecraft:azure_bluet":2,"minecraft:chicken":4,"minecraft:ladder":1,"minecraft:leather_leggings":2,"minecraft:shield":4,"minecraft:cornflower":3,"minecraft:jungle_trapdoor":1,"minecraft:iron_axe":3,"minecraft:netherite_scrap":3,"minecraft:iron_shovel":5,"minecraft:blackstone":3,"minecraft:jungle_sapling":1,"minecraft:iron_nugget":6,"minecraft:poppy":5,"minecraft:minecart":36,"minecraft:lectern":8,"minecraft:sugar_cane":394,"minecraft:chest":35,"minecraft:diamond_hoe":1,"minecraft:egg":35,"minecraft:raw_iron":362,"minecraft:sandstone":1860,"minecraft:stone":61,"minecraft:cherry_stairs":4,"minecraft:oak_door":1,"minecraft:copper_ingot":5,"minecraft:polished_blackstone_bricks":9,"minecraft:carrot":333,"minecraft:redstone":113,"minecraft:dark_oak_planks":29,"minecraft:arrow":41,"minecraft:diamond_chestplate":3,"minecraft:golden_hoe":3,"minecraft:nether_bricks":18,"minecraft:deepslate_bricks":2,"minecraft:diamond_boots":8,"minecraft:gold_ingot":3,"minecraft:mutton":48,"minecraft:rail":393,"minecraft:white_wool":22,"minecraft:oxeye_daisy":4,"minecraft:jungle_boat":4,"minecraft:basalt":6,"minecraft:crimson_stem":18,"minecraft:leather":7,"minecraft:red_mushroom":1,"minecraft:crimson_fungus":3,"minecraft:oak_log":25,"minecraft:ancient_debris":3,"minecraft:yellow_bed":13,"minecraft:golden_boots":3,"minecraft:nether_wart_block":6,"minecraft:gunpowder":17,"minecraft:cooked_mutton":39,"minecraft:smooth_sandstone":439,"minecraft:iron_ingot":120,"minecraft:oak_fence_gate":4,"minecraft:iron_sword":3,"minecraft:dark_oak_stairs":5,"minecraft:book":4,"minecraft:oak_slab":16,"minecraft:nether_quartz_ore":5,"minecraft:birch_boat":1,"minecraft:quartz":36,"minecraft:dandelion":3,"minecraft:dripstone_block":47,"minecraft:gravel":7,"minecraft:lava_bucket":3,"minecraft:spruce_sapling":7,"minecraft:blast_furnace":6,"minecraft:white_bed":43,"minecraft:spruce_log":13,"minecraft:spider_eye":16,"minecraft:diamond_shovel":2,"minecraft:iron_helmet":1,"minecraft:diamond_axe":3,"minecraft:cherry_sapling":2,"minecraft:gray_wool":1,"minecraft:damaged_anvil":2,"minecraft:coal":378,"minecraft:hopper":23,"minecraft:sunflower":21,"minecraft:ender_pearl":14},"minecraft:killed":{"minecraft:spider":11,"minecraft:skeleton":20,"minecraft:chicken":2,"minecraft:piglin_brute":9,"minecraft:magma_cube":2,"minecraft:piglin":17,"minecraft:zombie_villager":2,"minecraft:iron_golem":1,"minecraft:creeper":9,"minecraft:sheep":19,"minecraft:trader_llama":2,"minecraft:zombie":31,"minecraft:ghast":1,"minecraft:blaze":6,"minecraft:armadillo":2,"minecraft:wandering_trader":1,"minecraft:hoglin":3,"minecraft:wither_skeleton":4,"minecraft:enderman":3}},"DataVersion":3953}