{"stats":{"minecraft:used":{"minecraft:cherry_sapling":2,"minecraft:iron_shovel":1103,"minecraft:diamond_hoe":1,"minecraft:chest":8,"minecraft:shield":22,"minecraft:iron_sword":60,"minecraft:bell":1,"minecraft:rotten_flesh":2,"minecraft:iron_chestplate":1,"minecraft:jungle_planks":1,"minecraft:carrot":4,"minecraft:obsidian":1,"minecraft:lava_bucket":10,"minecraft:grass_block":1145,"minecraft:bow":88,"minecraft:furnace":6,"minecraft:oak_sapling":3,"minecraft:egg":14,"minecraft:damaged_anvil":2,"minecraft:diamond_boots":2,"minecraft:copper_door":3,"minecraft:stone_pickaxe":14,"minecraft:blackstone":3,"minecraft:ender_pearl":5,"minecraft:sugar_cane":68,"minecraft:diamond_axe":7,"minecraft:jungle_boat":4,"minecraft:white_wool":1,"minecraft:golden_hoe":8,"minecraft:blast_furnace":6,"minecraft:crossbow":3,"minecraft:bread":53,"minecraft:gravel":1,"minecraft:diamond_sword":70,"minecraft:oak_fence":6,"minecraft:cherry_boat":5,"minecraft:stone_sword":26,"minecraft:netherrack":49,"minecraft:torch":464,"minecraft:dirt":460,"minecraft:anvil":2,"minecraft:diamond_helmet":1,"minecraft:granite":8,"minecraft:oak_fence_gate":4,"minecraft:dark_oak_planks":1,"minecraft:iron_axe":105,"minecraft:cherry_slab":11,"minecraft:barrel":2,"minecraft:diamond_chestplate":1,"minecraft:golden_carrot":21,"minecraft:cobbled_deepslate":50,"minecraft:cooked_mutton":4,"minecraft:cherry_planks":70,"minecraft:polished_blackstone_bricks":7,"minecraft:diamond_block":2,"minecraft:crafting_table":24,"minecraft:white_bed":17,"minecraft:painting":8,"minecraft:smoker":4,"minecraft:dark_oak_door":1,"minecraft:diamond_pickaxe":145,"minecraft:diamond_shovel":1656,"minecraft:cracked_polished_blackstone_bricks":7,"minecraft:iron_pickaxe":609,"minecraft:pink_petals":4,"minecraft:cherry_stairs":6,"minecraft:cobblestone":30,"minecraft:cooked_porkchop":1,"minecraft:jungle_door":4,"minecraft:bucket":17,"minecraft:yellow_bed":3,"minecraft:diamond_leggings":1},"minecraft:broken":{"minecraft:iron_shovel":4,"minecraft:iron_pickaxe":2},"minecraft:mined":{"minecraft:white_bed":12,"minecraft:oak_sapling":1,"minecraft:cherry_log":4,"minecraft:granite":21,"minecraft:red_sand":3,"minecraft:grass_block":750,"minecraft:cracked_polished_blackstone_bricks":8,"minecraft:oxeye_daisy":1,"minecraft:spawner":1,"minecraft:polished_blackstone_bricks":11,"minecraft:magma_block":1,"minecraft:sculk_catalyst":1,"minecraft:iron_ore":78,"minecraft:cobbled_deepslate":21,"minecraft:fire":11,"minecraft:fletching_table":1,"minecraft:pointed_dripstone":9,"minecraft:water_cauldron":4,"minecraft:dirt_path":2,"minecraft:jungle_door":5,"minecraft:blackstone":4,"minecraft:smoker":3,"minecraft:crimson_nylium":4,"minecraft:torch":33,"minecraft:blast_furnace":3,"minecraft:chest":3,"minecraft:dead_bush":2,"minecraft:nether_quartz_ore":24,"minecraft:cobblestone":16,"minecraft:sugar_cane":105,"minecraft:oak_planks":2,"minecraft:damaged_anvil":3,"minecraft:wall_torch":11,"minecraft:cherry_slab":6,"minecraft:pink_petals":4,"minecraft:dark_oak_door":1,"minecraft:oak_log":15,"minecraft:sand":1552,"minecraft:dirt":607,"minecraft:netherrack":258,"minecraft:oak_leaves":6,"minecraft:deepslate":40,"minecraft:nether_gold_ore":3,"minecraft:deepslate_diamond_ore":2,"minecraft:glow_lichen":1,"minecraft:crimson_roots":2,"minecraft:sandstone":22,"minecraft:furnace":5,"minecraft:carrots":24,"minecraft:andesite":1,"minecraft:gold_block":1,"minecraft:bell":1,"minecraft:deepslate_iron_ore":40,"minecraft:rail":1,"minecraft:stone":108,"minecraft:cherry_stairs":3,"minecraft:white_wool":4,"minecraft:cherry_planks":54,"minecraft:basalt":3,"minecraft:copper_door":2,"minecraft:crafting_table":18,"minecraft:cornflower":1,"minecraft:short_grass":133,"minecraft:blackstone_slab":1,"minecraft:tall_grass":25,"minecraft:copper_ore":6,"minecraft:deepslate_gold_ore":2,"minecraft:diorite":2,"minecraft:cobblestone_wall":1,"minecraft:yellow_bed":5,"minecraft:coal_ore":16,"minecraft:sunflower":12,"minecraft:gravel":5,"minecraft:dripstone_block":12,"minecraft:cobweb":3},"minecraft:crafted":{"minecraft:oak_planks":316,"minecraft:smooth_stone":9,"minecraft:cherry_slab":6,"minecraft:cherry_boat":2,"minecraft:stone":6,"minecraft:cooked_mutton":5,"minecraft:dark_oak_door":3,"minecraft:iron_boots":1,"minecraft:bow":1,"minecraft:chest":3,"minecraft:oak_fence":6,"minecraft:smoker":1,"minecraft:arrow":80,"minecraft:emerald":38,"minecraft:crafting_table":3,"minecraft:iron_helmet":1,"minecraft:copper_door":3,"minecraft:copper_ingot":11,"minecraft:iron_chestplate":1,"minecraft:charcoal":8,"minecraft:shield":2,"minecraft:stick":576,"minecraft:iron_ingot":84,"minecraft:iron_pickaxe":2,"minecraft:stone_sword":1,"minecraft:gold_ingot":7,"minecraft:sandstone":413,"minecraft:golden_carrot":64,"minecraft:cherry_planks":16,"minecraft:furnace":5,"minecraft:blast_furnace":4,"minecraft:iron_axe":1,"minecraft:cherry_stairs":4,"minecraft:stone_pickaxe":1,"minecraft:diamond_boots":2,"minecraft:diamond_sword":1,"minecraft:iron_sword":1,"minecraft:bucket":3,"minecraft:enchanted_book":4,"minecraft:air":0,"minecraft:oak_fence_gate":4,"minecraft:gold_nugget":576,"minecraft:iron_shovel":1,"minecraft:iron_leggings":1,"minecraft:white_bed":2,"minecraft:torch":128},"minecraft:dropped":{"minecraft:golden_pickaxe":1,"minecraft:diamond":2,"minecraft:netherite_upgrade_smithing_template":1,"minecraft:fletching_table":1,"minecraft:rail":147,"minecraft:flint":1,"minecraft:emerald":246,"minecraft:dirt":47,"minecraft:mutton":2,"minecraft:crimson_roots":2,"minecraft:gold_nugget":2,"minecraft:sunflower":3,"minecraft:polished_blackstone_bricks":2,"minecraft:white_wool":1,"minecraft:gold_ingot":1,"minecraft:bone":3,"minecraft:sugar_cane":1,"minecraft:iron_nugget":3,"minecraft:golden_chestplate":2,"minecraft:cobbled_deepslate":40,"minecraft:pointed_dripstone":30,"minecraft:rotten_flesh":4,"minecraft:diamond_shovel":1,"minecraft:cooked_mutton":1,"minecraft:poppy":2,"minecraft:arrow":4,"minecraft:quartz":19,"minecraft:netherrack":105,"minecraft:enchanted_book":5,"minecraft:golden_boots":1,"minecraft:iron_ingot":2,"minecraft:bread":9,"minecraft:wheat_seeds":14,"minecraft:cherry_log":47,"minecraft:dripstone_block":27,"minecraft:diamond_leggings":1,"minecraft:golden_axe":1,"minecraft:cobblestone":68,"minecraft:granite":7,"minecraft:grass_block":1,"minecraft:stick":4,"minecraft:nether_gold_ore":3,"minecraft:cherry_planks":115,"minecraft:diamond_helmet":2,"minecraft:iron_leggings":1,"minecraft:iron_axe":1,"minecraft:string":6,"minecraft:stone_sword":1,"minecraft:damaged_anvil":2,"minecraft:diamond_sword":2,"minecraft:shield":2,"minecraft:diamond_chestplate":1,"minecraft:andesite":1,"minecraft:yellow_bed":1,"minecraft:golden_leggings":2,"minecraft:oak_sapling":1,"minecraft:golden_sword":2,"minecraft:diamond_boots":8,"minecraft:stone_pickaxe":1,"minecraft:red_sand":2,"minecraft:bow":1,"minecraft:magma_cream":6,"minecraft:nether_quartz_ore":5},"minecraft:picked_up":{"minecraft:iron_chestplate":1,"minecraft:diamond_sword":4,"minecraft:enchanted_book":3,"minecraft:golden_sword":4,"minecraft:string":20,"minecraft:raw_copper":18,"minecraft:iron_leggings":2,"minecraft:cobbled_deepslate":91,"minecraft:cherry_boat":5,"minecraft:diamond_leggings":3,"minecraft:red_sand":2,"minecraft:gold_nugget":7,"minecraft:smooth_stone":3,"minecraft:netherite_upgrade_smithing_template":3,"minecraft:iron_pickaxe":3,"minecraft:furnace":7,"minecraft:iron_boots":1,"minecraft:dark_oak_door":4,"minecraft:stick":519,"minecraft:jungle_door":13,"minecraft:oak_fence":2,"minecraft:torch":140,"minecraft:cherry_log":63,"minecraft:pointed_dripstone":38,"minecraft:copper_door":4,"minecraft:golden_chestplate":1,"minecraft:cauldron":8,"minecraft:nether_gold_ore":3,"minecraft:rotten_flesh":15,"minecraft:obsidian":1,"minecraft:cobblestone":450,"minecraft:pink_petals":4,"minecraft:magma_cream":12,"minecraft:cherry_planks":226,"minecraft:andesite":2,"minecraft:golden_leggings":3,"minecraft:smoker":3,"minecraft:flint":1,"minecraft:dirt":852,"minecraft:leather_boots":2,"minecraft:bone":25,"minecraft:bow":1,"minecraft:wheat_seeds":19,"minecraft:raw_gold":6,"minecraft:bell":1,"minecraft:diamond_helmet":5,"minecraft:fletching_table":1,"minecraft:oak_planks":30,"minecraft:jungle_planks":98,"minecraft:sand":1654,"minecraft:grass_block":430,"minecraft:spectral_arrow":16,"minecraft:diamond":2,"minecraft:cracked_polished_blackstone_bricks":7,"minecraft:crossbow":2,"minecraft:granite":15,"minecraft:bread":91,"minecraft:oak_sapling":4,"minecraft:cherry_slab":7,"minecraft:netherrack":218,"minecraft:crimson_roots":2,"minecraft:diamond_pickaxe":1,"minecraft:charcoal":9,"minecraft:crafting_table":22,"minecraft:leather_leggings":2,"minecraft:shield":4,"minecraft:cornflower":3,"minecraft:iron_axe":3,"minecraft:netherite_scrap":3,"minecraft:iron_shovel":5,"minecraft:blackstone":3,"minecraft:iron_nugget":6,"minecraft:poppy":4,"minecraft:chest":3,"minecraft:sugar_cane":197,"minecraft:diamond_hoe":1,"minecraft:egg":20,"minecraft:raw_iron":203,"minecraft:sandstone":262,"minecraft:stone":61,"minecraft:cherry_stairs":4,"minecraft:copper_ingot":5,"minecraft:polished_blackstone_bricks":9,"minecraft:carrot":88,"minecraft:dark_oak_planks":29,"minecraft:arrow":25,"minecraft:diamond_chestplate":3,"minecraft:golden_hoe":3,"minecraft:diamond_boots":8,"minecraft:gold_ingot":1,"minecraft:mutton":9,"minecraft:white_wool":10,"minecraft:rail":147,"minecraft:oxeye_daisy":3,"minecraft:jungle_boat":4,"minecraft:basalt":6,"minecraft:oak_log":15,"minecraft:ancient_debris":2,"minecraft:yellow_bed":4,"minecraft:golden_boots":3,"minecraft:gunpowder":5,"minecraft:iron_ingot":55,"minecraft:iron_sword":3,"minecraft:nether_quartz_ore":5,"minecraft:quartz":19,"minecraft:dripstone_block":40,"minecraft:lava_bucket":2,"minecraft:gravel":7,"minecraft:blast_furnace":2,"minecraft:white_bed":12,"minecraft:diamond_shovel":2,"minecraft:iron_helmet":1,"minecraft:diamond_axe":1,"minecraft:cherry_sapling":2,"minecraft:damaged_anvil":2,"minecraft:coal":87,"minecraft:sunflower":20,"minecraft:ender_pearl":9},"minecraft:custom":{"minecraft:interact_with_crafting_table":68,"minecraft:bell_ring":35,"minecraft:leave_game":12,"minecraft:time_since_death":34965,"minecraft:sprint_one_cm":760864,"minecraft:damage_blocked_by_shield":1154,"minecraft:drop":125,"minecraft:talked_to_villager":37,"minecraft:play_time":481902,"minecraft:deaths":3,"minecraft:jump":6297,"minecraft:walk_on_water_one_cm":72878,"minecraft:interact_with_furnace":49,"minecraft:traded_with_villager":50,"minecraft:sleep_in_bed":34,"minecraft:damage_dealt":6736,"minecraft:crouch_one_cm":111064,"minecraft:interact_with_smoker":8,"minecraft:mob_kills":53,"minecraft:interact_with_anvil":19,"minecraft:climb_one_cm":454,"minecraft:walk_one_cm":1069938,"minecraft:sneak_time":34541,"minecraft:walk_under_water_one_cm":82988,"minecraft:boat_one_cm":233824,"minecraft:interact_with_blast_furnace":39,"minecraft:total_world_time":481902,"minecraft:interact_with_grindstone":2,"minecraft:time_since_rest":1303,"minecraft:damage_taken":3922,"minecraft:swim_one_cm":121895,"minecraft:fly_one_cm":1740947,"minecraft:open_chest":223,"minecraft:fall_one_cm":129170},"minecraft:killed_by":{"minecraft:player":1,"minecraft:warden":1},"minecraft:killed":{"minecraft:spider":2,"minecraft:skeleton":8,"minecraft:piglin_brute":9,"minecraft:magma_cube":2,"minecraft:piglin":9,"minecraft:iron_golem":1,"minecraft:creeper":4,"minecraft:sheep":4,"minecraft:zombie":9,"minecraft:ghast":1,"minecraft:armadillo":2}},"DataVersion":3953}